Price,Close,High,Low,Open,Volume
Ticker,NAHARINDUS.NS,NAHARINDUS.NS,NAHARINDUS.NS,NAHARINDUS.NS,NAHARINDUS.NS
Date,,,,,
2010-01-04,76.62651062011719,76.62651062011719,63.931533323676106,63.931533323676106,546139
2010-01-05,71.92296600341797,80.27973106598319,70.59867290864358,80.27973106598319,215882
2010-01-06,73.79525756835938,74.84555574395158,71.23799347686793,71.23799347686793,96930
2010-01-07,73.74958801269531,75.34787629780017,73.11027548584696,73.79525617946331,66977
2010-01-08,73.3386001586914,74.66289333897826,72.88194637680164,73.9779126661436,39142
2010-01-11,72.19696807861328,75.62187155543585,71.69464611481905,73.97791509936744,28309
2010-01-12,74.29756927490234,77.08316014493448,70.55300963910946,75.34787437186448,66832
2010-01-13,73.29293060302734,73.97791126286873,72.60794994318597,73.06460371641356,16005
2010-01-14,74.75421905517578,78.4531172952406,73.33859658116316,73.33859658116316,62262
2010-01-15,77.0831527709961,80.91904140305734,74.7998840690589,76.21550648347011,308939
2010-01-18,75.85018920898438,77.9507922379491,75.48486482238695,77.9507922379491,14585
2010-01-19,73.3386001586914,77.53981355848059,72.74494884863795,75.94152532186638,11265
2010-01-20,72.19696807861328,75.34787649009645,71.60331674903391,75.34787649009645,14619
2010-01-21,68.72638702392578,72.15129003176261,67.58475268798017,71.69463629738438,30190
2010-01-22,69.09172058105469,70.09635753651544,66.21480027879309,67.58476166387157,20131
2010-01-25,68.26974487304688,71.14666528136074,68.04141796711696,71.14666528136074,6142
2010-01-27,65.84947967529297,69.22872213562438,65.62115276451318,69.22872213562438,9613
2010-01-28,65.71247100830078,67.58475414685975,65.11882671518111,65.84946852516808,4939
2010-01-29,68.54373931884766,73.93224867499677,63.1552229947144,63.79453553826236,158826
2010-02-01,68.95471954345703,70.05068580860994,66.85410940593312,69.18304642936252,10731
2010-02-02,65.71247100830078,70.324676612273,65.30148542568206,69.41136912380192,4147
2010-02-03,66.62579345703125,71.1466707208778,65.84948331111357,67.12811547567577,17387
2010-02-04,64.38818359375,67.76741881076748,63.93152980939716,65.84947431008233,4644
2010-02-05,59.9129753112793,65.30149137802802,59.36499216184365,59.9129753112793,8517
2010-02-08,61.145938873291016,63.15521970311885,57.9950305517665,62.10491460661609,7040
2010-02-09,62.01359176635742,64.66218538500596,60.369635184303995,60.369635184303995,11616
2010-02-10,61.9222526550293,63.794528890597135,61.419930731739925,61.73958697020435,3526
2010-02-11,62.60722732543945,63.01821288313638,61.28292736667086,61.28292736667086,2909
2010-02-15,63.109554290771484,65.3014939425808,62.19624668318294,63.93153253119799,10121
2010-02-16,62.97256088256836,65.21016884857906,62.10492138569728,62.33324830255646,5043
2010-02-17,62.652896881103516,64.20552390543585,61.28293554856634,61.28293554856634,6143
2010-02-18,66.07779693603516,69.22871202542542,62.10491066226626,62.56156441713586,261680
2010-02-19,66.8541030883789,72.15128912800812,65.89513443898628,65.89513443898628,299890
2010-02-22,64.66217803955078,69.41137456467733,64.15985609432344,67.17377382972003,25383
2010-02-23,62.652896881103516,66.6257833518646,61.648259964172986,62.33324063044158,25716
2010-02-24,61.282936096191406,63.47487564143482,60.460957895727155,62.10491429665565,15199
2010-02-25,60.09563446044922,61.92224940492508,59.456315049092844,59.63898072433025,9863
2010-02-26,60.460960388183594,61.556933689977825,59.82164785479164,61.14594108881098,12274
2010-03-02,61.876590728759766,64.84484046851577,61.55693445807517,61.55693445807517,32350
2010-03-03,62.56156539916992,63.20087787882938,61.19160411305671,62.56156539916992,10936
2010-03-04,63.01822280883789,64.15985728001249,62.10491523189821,62.10491523189821,13950
2010-03-05,62.56156539916992,63.794529163075126,62.241909159340196,62.56156539916992,5617
2010-03-08,62.97256088256836,63.42921471628672,62.60724338998129,63.42921471628672,3672
2010-03-09,61.967918395996094,63.93153110201181,61.7395914992032,62.196245292788994,5159
2010-03-10,61.3286018371582,62.515897441574836,61.28293367361072,62.10491184158128,5043
2010-03-11,60.734954833984375,63.566206974001894,60.552296102880256,61.60259425870486,3874
2010-03-12,59.68464660644531,62.01358363082478,58.95400475203985,61.648259219630255,3252
2010-03-15,58.49734878540039,59.73031252993923,57.85802934779939,59.638983172562895,2945
2010-03-16,59.13666534423828,60.27829981034327,57.721039303066476,59.364992237459276,2839
2010-03-17,58.49734878540039,60.68928123436575,58.08635622523189,58.45168062272056,6120
2010-03-18,59.867313385009766,62.561567901608164,49.775262053104306,49.775262053104306,12981
2010-03-19,60.04996871948242,61.64825686030515,59.364988087701256,61.64825686030515,4218
2010-03-22,59.364986419677734,61.00894267695437,58.45167893629808,58.90833267798791,1231
2010-03-23,58.269020080566406,60.64362176376943,58.08635787662898,60.64362176376943,1804
2010-03-25,57.26438903808594,58.223361351787545,57.081726815477985,57.081726815477985,2396
2010-03-26,57.17304992675781,58.22335497879553,56.71639616221824,56.853393685176805,3572
2010-03-29,59.54765319824219,64.29685693615328,56.62507164259234,56.71640100970938,124280
2010-03-30,59.182334899902344,61.96791888182434,58.4973542041534,59.54765236324794,27383
2010-03-31,58.99966812133789,61.19160770124802,58.45168496835632,61.19160770124802,9169
2010-04-01,62.69856262207031,64.20552142319768,58.63433997854601,60.18696694285251,53767
2010-04-05,63.84020233154297,64.57084422729561,62.3332434050762,62.65289966996698,15080
2010-04-06,63.52053451538086,65.6668055813277,63.15521014994715,63.748861372779096,17317
2010-04-07,64.11418151855469,65.75813774948502,63.56619843090558,64.38817654637074,21993
2010-04-08,64.2968521118164,65.39281837095628,63.01822016416419,63.01822016416419,5717
2010-04-09,64.9818344116211,65.75814444550602,64.02285868459731,64.3881831028913,9141
2010-04-12,67.63042449951172,70.27901072749805,66.26046322242222,66.26046322242222,55267
2010-04-13,66.21479797363281,70.00502573399612,64.25118532978351,64.25118532978351,11509
2010-04-15,66.16912078857422,69.41136496560823,65.75813523057622,69.32003561582897,8695
2010-04-16,65.11882781982422,66.53445027017841,64.20552031586026,66.53445027017841,15234
2010-04-19,63.47487258911133,64.79916570485626,60.278296271674066,60.278296271674066,5144
2010-04-20,63.292213439941406,70.3246785030534,62.561564642326736,65.52981405966341,9328
2010-04-21,64.43385314941406,65.75814636541283,63.74887245810768,63.93153118859581,24790
2010-04-22,65.9864730834961,68.04141515184027,63.657535952179146,63.931531015151926,23060
2010-04-23,65.21015930175781,67.95008190294105,64.84483489467002,65.94080114794991,9253
2010-04-26,66.03213500976562,67.1281012221171,65.39281557924123,65.43848374141555,13076
2010-04-27,66.07779693603516,67.53908755802124,65.43848446641104,66.4887894962078,22353
2010-04-28,64.7991714477539,66.21480101527406,63.01822441453669,66.21480101527406,11141
2010-04-29,65.02749633789062,65.98647207566474,64.84483761068785,65.3014913966786,2693
2010-04-30,63.84020233154297,66.62578631757285,63.47487789967467,65.25582492405468,2860
2010-05-03,63.06388854980469,65.52981612552293,62.28757156487157,62.28757156487157,16160
2010-05-04,62.835567474365234,65.1188365400328,62.47024303026158,63.93153383869198,6672
2010-05-05,61.60260009765625,62.97256161473965,59.912982286850315,61.19161442972507,6459
2010-05-06,60.734954833984375,62.0592480544491,60.552296102880256,61.648262425472865,4387
2010-05-07,58.588680267333984,60.68928343509561,58.086358331573834,59.821644056582876,3691
2010-05-10,60.23263168334961,61.60259304355908,59.59331916911204,60.27829984921678,6412
2010-05-11,59.09099197387695,61.51125822244787,58.725674551286254,60.734948247467855,2983
2010-05-12,58.223358154296875,60.5066271015242,58.132028790004554,59.82164641735601,2971
2010-05-13,59.9129753112793,61.967917347650804,58.90833837598331,58.90833837598331,5216
2010-05-14,59.82164001464844,61.648254976927774,59.41065443532882,60.734947495788106,2468
2010-05-17,58.451683044433594,60.00430308810792,57.03605704249958,57.721037703176535,5923
2010-05-18,58.68000793457031,62.10491112141294,58.6343397715524,58.90833481369316,7245
2010-05-19,58.72567367553711,60.27829360234364,58.406013967554,58.908332384108554,5764
2010-05-20,58.588680267333984,59.821644056582876,57.67537272448539,57.67537272448539,2242
2010-05-21,57.721038818359375,58.314686645353724,55.71176147808894,57.0817228259108,2119
2010-05-24,58.4060173034668,60.2782970451934,57.53837445223006,58.54301134271992,10007
2010-05-25,56.39674377441406,57.99503205951891,55.711763080797695,57.99503205951891,4369
2010-05-26,55.8487548828125,57.538372360107914,55.34643297184049,57.08171861121817,4147
2010-05-27,55.8944206237793,56.99039033875373,55.25510466637824,56.168412181524985,1501
2010-05-28,58.451683044433594,60.14130061384003,55.072444421628916,55.072444421628916,100486
2010-05-31,57.721038818359375,60.8262824496938,56.85339593460716,58.26902196389137,314823
2010-06-01,56.62507247924805,59.638990414530724,56.305416205623324,59.638990414530724,2897
2010-06-02,56.62507247924805,57.85803637350581,56.21408335316477,56.89906406863954,1311
2010-06-03,56.8077278137207,57.53837312485706,56.67073029363628,56.8077278137207,4337
2010-06-04,56.30541229248047,57.85803235245816,56.21407944636942,57.08172232246932,4179
2010-06-07,53.65681838989258,56.16841414431308,53.47415618368182,54.79845282372008,7160
2010-06-08,52.423858642578125,55.072448643159284,50.96256436405797,54.34180324589524,4893
2010-06-09,55.20943832397461,55.8944189396964,53.42848802629964,53.88514177011417,5487
2010-06-10,56.077083587646484,59.27365993421284,54.98111385773967,56.94472295166397,22475
2010-06-11,56.8077278137207,58.31468311469101,53.063164932660406,56.168411859979514,9097
2010-06-14,58.17769241333008,58.45168398521239,56.533739498044355,56.990393279178825,7991
2010-06-15,57.03605651855469,58.81700691675296,56.16841365953586,58.22335562268961,7304
2010-06-16,57.8580322265625,58.45168353102117,56.80773062850957,58.406018850060924,5747
2010-06-17,57.447044372558594,57.53837373091575,56.39673933149282,57.53837373091575,3275
2010-06-18,56.8077278137207,57.53837312485706,56.168411859979514,56.168411859979514,1318
2010-06-21,58.269020080566406,58.908336052351515,57.17305034093361,57.53837474880846,6205
2010-06-22,58.81700897216797,59.63898717975097,56.67073408969764,56.85339630071518,9216
2010-06-23,58.223358154296875,60.23263204066339,57.766704364851414,58.90833883846508,3840
2010-06-24,59.364986419677734,59.82164016136757,57.99502519460825,58.45167893629808,7241
2010-06-25,58.81700897216797,60.32396785807284,57.58404166079347,58.908338335680796,8098
2010-06-28,59.775978088378906,60.141302512536846,58.588682419845384,58.63434361787523,3091
2010-06-29,59.867313385009766,61.19160656069704,59.3649914394822,59.3649914394822,4862
2010-06-30,61.19160842895508,62.104916017446946,58.99966882297782,59.36499325197135,17539
2010-07-01,61.55693054199219,62.561567457939,60.41529609932907,61.19160612674325,11338
2010-07-02,61.3286018371582,62.97255120511587,60.87194807361716,60.87194807361716,17596
2010-07-05,60.04996871948242,61.785254380258046,59.59331496496164,61.328600625737266,1612
2010-07-06,60.734954833984375,62.0592480544491,59.821647242495885,61.19160862972862,2711
2010-07-07,61.282936096191406,62.05924613130286,57.173052061853895,60.643623589154615,5631
2010-07-08,62.24191665649414,63.429212400014165,61.328609022409076,61.64826530074199,4616
2010-07-09,61.46560287475586,62.97255480623026,61.23727597992836,61.64826160342432,4132
2010-07-12,65.94080352783203,67.26510368032294,61.191606968237,61.191606968237,235206
2010-07-13,64.84483337402344,66.21479464248873,64.0228552193476,65.75814088633362,21271
2010-07-14,62.9268798828125,65.7581313675407,62.65288488158815,65.7581313675407,6441
2010-07-15,62.28757095336914,63.93152729969762,62.104912233991975,63.93152729969762,8161
2010-07-16,62.3789176940918,63.109559661551636,62.10492260130395,62.196251976238344,10424
2010-07-19,62.9268798828125,63.74885791850323,60.91759946579269,61.282923811431054,11311
2010-07-20,61.78525924682617,63.01822308755106,61.28293729009418,63.01822308755106,5715
2010-07-21,61.78525924682617,62.8355643585488,61.191607925593054,61.191607925593054,4560
2010-07-22,62.33323669433594,64.84483231205644,61.191602322644805,61.191602322644805,22488
2010-07-23,64.11418151855469,65.75813774948502,62.744220315440415,62.744220315440415,46267
2010-07-26,63.292213439941406,64.61650654663674,62.561564642326736,64.11418462727873,4641
2010-07-27,66.21479797363281,68.3154081448174,62.60723590571112,63.018221519733295,298656
2010-07-28,65.84947967529297,67.95009004166072,65.11883774158827,66.39746286756758,88199
2010-07-29,65.02749633789062,65.75814518266937,54.84411900069183,60.64362417316961,19023
2010-07-30,63.383541107177734,64.98182921234728,63.01821671811378,63.01821671811378,22927
2010-08-02,64.84483337402344,67.584755910954,64.0228552193476,64.38817961786835,32523
2010-08-03,64.43385314941406,66.12347079437302,64.15985808569793,66.12347079437302,19835
2010-08-04,64.25117492675781,65.6668042000425,63.7488600318374,65.3014798422933,5658
2010-08-05,63.01822280883789,65.62114800951922,60.73495386648869,63.01822280883789,5790
2010-08-06,63.383541107177734,64.70783417855353,62.561562973779616,62.561562973779616,13296
2010-08-09,64.84483337402344,66.58011904100947,63.474872105558156,64.61650649594588,23065
2010-08-10,65.8951416015625,67.12810540936222,65.3014902961823,65.3014902961823,30775
2010-08-11,64.66217803955078,66.94544693970464,62.150582249381536,62.150582249381536,11704
2010-08-12,64.2968521118164,65.30148901069188,63.01822016416419,63.01822016416419,9714
2010-08-13,66.48880004882812,67.4934370753933,64.11419457223936,64.84484348318736,27539
2010-08-16,65.07316589355469,66.85411290976366,64.93616836123462,66.62578601189153,9842
2010-08-17,66.12345886230469,66.39744690859537,65.21015143870375,66.21478821106825,4072
2010-08-18,66.8541030883789,67.31075681703719,65.89513443898628,66.12346130331541,14509
2010-08-19,66.53445434570312,67.90441568556517,65.80381247856693,67.12810565324008,12655
2010-08-20,66.53445434570312,67.49343007080003,65.62114678579509,67.49343007080003,4237
2010-08-23,67.67609405517578,68.68073105555531,65.30149560846482,65.30149560846482,19785
2010-08-24,67.3107681274414,68.95472461404268,67.12810939247863,68.04141700326066,7566
2010-08-25,66.67144775390625,68.40673340411142,64.89050090931713,64.89050090931713,9695
2010-08-26,68.04141235351562,68.95471990188496,64.38818216003827,64.38818216003827,20425
2010-08-27,68.90904998779297,70.32467943901854,65.84947117202977,65.84947117202977,48418
2010-08-30,71.96863555908203,73.97790932135764,69.41137170892816,69.41137170892816,54264
2010-08-31,72.5166244506836,74.48023717391183,68.54373780525863,68.54373780525863,41631
2010-09-01,73.52125549316406,77.63113934060802,72.15129421068274,77.63113934060802,95213
2010-09-02,74.98255157470703,75.80452979743261,73.06460703366997,73.06460703366997,19294
2010-09-03,74.57156372070312,75.66753000629014,73.52125863235841,74.34323683054052,11949
2010-09-06,73.38426208496094,75.62186981923556,73.11027399389599,74.89122097376143,22685
2010-09-07,76.35250854492188,78.54444802287796,73.4299272196361,73.4299272196361,65628
2010-09-08,75.75885772705078,77.63114097300492,75.39354028509408,75.89585525177633,24290
2010-09-09,79.68607330322266,81.83234437108827,75.07386799246196,76.12417293102935,209535
2010-09-13,81.467041015625,86.76422826533393,78.63578864477417,78.63578864477417,620213
2010-09-14,79.22943115234375,84.25262275278054,79.00110426141481,79.64041676882236,86224
2010-09-15,77.31148529052734,81.01037667716268,76.3525095784458,79.22942974670681,33389
2010-09-16,75.60167694091797,77.63497097938851,75.00092873141597,77.63497097938851,24596
2010-09-17,75.55545043945312,77.08042424390041,74.2153260044651,74.2153260044651,28694
2010-09-20,78.05086517333984,81.054598991931,76.34104887147537,76.34104887147537,42745
2010-09-21,77.77359771728516,80.40763967571583,76.24862383042019,76.24862383042019,41982
2010-09-22,76.9417953491211,79.48341621650948,76.10999074590102,78.55919044655006,30467
2010-09-23,76.9417953491211,78.55919044655006,76.34104718839087,76.34104718839087,11216
2010-09-24,78.18949890136719,79.76068694454554,76.34104735735717,76.34104735735717,62083
2010-09-27,76.57209777832031,80.31521468107515,76.24862019381517,78.55918444211261,15544
2010-09-28,76.4334716796875,78.51297975254664,76.24862933816891,76.75695635427003,14306
2010-09-29,76.10999298095703,78.00465868552604,75.50924480258516,76.24862826077873,16047
2010-09-30,75.64787292480469,76.94179032857477,75.00091774856094,75.83272229750474,11575
2010-10-01,76.15620422363281,77.40390759247886,75.87893367443014,76.15620422363281,21399
2010-10-04,75.74029541015625,77.54253980626822,75.69408835463504,76.4334647045187,17743
2010-10-05,75.32440185546875,76.2486276451064,74.49259723453822,75.41682302417587,7327
2010-10-06,77.7273941040039,79.2061540828413,75.3706223709054,75.3706223709054,26994
2010-10-07,80.40764617919922,82.25609781550264,77.03422053268878,77.72738989630255,75812
2010-10-08,83.18031311035156,84.38180934245854,77.81980122272701,77.81980122272701,50506
2010-10-11,81.47050476074219,85.49088553510963,80.9621777559661,83.64243395597212,20365
2010-10-12,82.76441192626953,83.31894592040675,79.99173490430114,80.73111121272332,9539
2010-10-13,84.1507568359375,85.02876847247713,81.3318654954129,81.9326136394424,32100
2010-10-14,81.42428588867188,87.20069673564467,80.77733069432404,85.86057223966009,72345
2010-10-15,82.5795669555664,83.55000678541484,78.83645700747107,81.33186363953463,30151
2010-10-18,83.13410186767578,84.05832760072958,78.83645785000184,78.83645785000184,9710
2010-10-19,81.9326171875,85.02877215461241,80.4538573428938,81.47050429535537,13787
2010-10-20,82.1174545288086,84.75149644355301,81.79397693424046,81.79397693424046,8124
2010-10-21,82.1174545288086,82.71820266231097,81.37807817712181,81.37807817712181,3784
2010-10-22,84.79771423339844,86.83100810295036,78.5591902979713,78.5591902979713,36847
2010-10-25,88.95673370361328,92.88469337364296,82.44093895987426,82.44093895987426,233149
2010-10-26,92.56121063232422,95.19525261979996,85.21361166051166,85.21361166051166,281260
2010-10-27,89.74232482910156,94.27103271281709,88.30977905296112,88.30977905296112,39589
2010-10-28,88.44840240478516,93.34680175292719,87.33933431338238,89.83474104468011,64158
2010-10-29,87.43175506591797,92.42257555620988,85.21361184231235,85.21361184231235,74771
2010-11-01,86.78479766845703,92.14530268473278,85.99920720630176,88.44839975573596,34929
2010-11-02,84.47423553466797,88.44840205592195,84.10454382189755,88.44840205592195,16292
2010-11-03,86.1378402709961,87.01585899679746,84.3356028122342,84.3356028122342,22429
2010-11-04,85.81436157226562,86.83100851182888,84.5666581895615,85.16740635198438,10665
2010-11-08,88.91050720214844,90.5741162393016,83.18031083201167,86.04540901708006,52833
2010-11-09,88.49462127685547,90.38928700721272,87.98629426101816,88.72567772927546,16426
2010-11-10,89.64989471435547,91.40592499015092,88.77188310209907,89.64989471435547,44043
2010-11-11,87.89386749267578,91.77561987688732,87.3855475604948,89.92716837524837,24753
2010-11-12,84.6590805053711,88.81809653834407,83.18032065945955,87.33933669243252,17788
2010-11-15,84.75150299072266,85.49088645081054,83.27274312183015,84.56666065134232,8957
2010-11-16,78.69782257080078,85.58330146075221,77.81980389373028,84.42801929456688,17453
2010-11-18,79.6220474243164,82.16366816185169,75.92514453335599,80.40763787838895,15321
2010-11-19,77.45012664794922,80.31522528381485,75.78651734904224,78.92888655182018,6666
2010-11-22,75.97135162353516,77.58874663907146,75.46303170656478,75.78650929941551,3831
2010-11-23,74.03047943115234,76.66452134671373,73.70700183648388,75.32439686110892,14110
2010-11-24,73.891845703125,76.71073705393329,73.15246933578452,74.58501501385332,4460
2010-11-25,71.99718475341797,74.76986190398901,70.93432376877588,73.15246689948924,7348
2010-11-26,69.45556640625,75.41681966323729,64.23368951725274,72.08960837907502,9550
2010-11-29,68.0692367553711,69.64041791431032,67.14501088510478,68.62377086727413,7322
2010-11-30,68.34649658203125,69.31693651373693,66.82152961975578,66.82152961975578,3732
2010-12-01,72.04338836669922,72.96761403940239,66.86772600981793,66.86772600981793,7006
2010-12-02,72.59794616699219,73.47595793819288,71.81234852285229,72.08961910917036,11513
2010-12-03,70.7032699584961,73.01383433622472,70.2873711910181,70.74948406656382,2947
2010-12-06,70.93433380126953,72.92142078380938,70.74949145226827,70.8881196883774,4607
2010-12-07,67.7457504272461,70.7032700124839,67.5146939892968,69.50177371463441,5832
2010-12-08,66.03592681884766,67.9305924211759,65.15791517949526,67.6533218764947,4732
2010-12-09,59.658775329589844,66.17456267417238,58.780756631219425,65.71244979648782,15660
2010-12-10,63.078407287597656,63.309463724548564,57.57926338303778,57.57926338303778,8427
2010-12-13,64.23368835449219,65.11169997911244,62.385236891053566,63.07840618984305,3633
2010-12-14,64.41851806640625,65.57380000483737,62.84733745065248,63.078393838338705,3670
2010-12-15,64.74201965332031,66.54425713008003,64.51096320495198,64.51096320495198,3817
2010-12-16,65.6200180053711,67.00635641393526,64.74200650045982,65.06548405220178,16228
2010-12-20,65.71244049072266,71.62748589769164,64.7882148662363,65.6200193385304,3004
2010-12-21,66.03592681884766,66.8215243450168,65.25033634396138,65.85108448991542,2183
2010-12-22,65.85108947753906,66.77531529476768,65.48139774039093,66.08214593184621,1452
2010-12-23,67.05257415771484,68.25406327964524,65.75865682916644,65.8972920878113,5366
2010-12-24,67.83816528320312,69.17828967816396,66.1745562641711,66.59046204457023,4523
2010-12-27,66.96014404296875,68.20785428393496,64.74200817298872,67.00635814496081,6414
2010-12-28,66.35940551757812,66.96014655835029,65.94349973787175,66.77530424600226,2740
2010-12-29,69.82525634765625,70.70326796593584,65.80486880268472,65.80486880268472,11126
2010-12-30,67.8843765258789,70.93432423193443,67.65332009515599,70.93432423193443,3642
2010-12-31,71.07295989990234,77.45011883393725,66.63667358458692,77.45011883393725,8792
2011-01-03,70.51842498779297,72.64413990492305,70.47221088145602,71.1653801688146,1636
2011-01-04,71.85855102539062,73.47594606454733,70.74948296191057,73.47594606454733,3840
2011-01-05,70.74948120117188,72.82898905690645,69.31692852448612,72.04339155926952,7989
2011-01-06,69.31693267822266,70.51842899849173,68.90103390266653,69.87146672939183,1866
2011-01-07,66.7291030883789,71.9047734536412,66.3594183919604,71.9047734536412,10954
2011-01-10,64.92686462402344,67.00637274365408,64.6958081662867,66.08214691270713,6193
2011-01-11,64.97306823730469,66.54424907551929,64.41852718731614,66.35940675971135,21102
2011-01-12,65.15791320800781,66.17456008894005,63.63293936096812,66.17456008894005,5140
2011-01-13,64.69580078125,66.35940990756664,64.14126675623868,66.35940990756664,3740
2011-01-14,64.14126586914062,65.57381149300032,63.4480965846426,65.57381149300032,3697
2011-01-17,62.98598861694336,64.23369201562329,62.43145455656151,64.23369201562329,15725
2011-01-18,61.96934127807617,62.8473529472674,61.87691305918606,62.8473529472674,20566
2011-01-19,62.10796356201172,62.847346934697605,61.368587240608264,62.847346934697605,6631
2011-01-20,61.69207000732422,62.47766049978261,60.99890068139923,61.18374301446602,8147
2011-01-21,64.2799072265625,64.64959190562818,62.015549785227186,62.06176389575203,8956
2011-01-24,65.1116943359375,65.15790843903122,63.0321866197982,63.0321866197982,442
2011-01-25,64.00263977050781,67.05258787972416,64.00263977050781,65.62003499936542,2127
2011-01-27,65.75865936279297,68.57754349119759,65.0654900941436,65.0654900941436,25539
2011-01-28,60.02845764160156,65.06549204201741,59.52013772681052,65.06549204201741,12765
2011-01-31,60.25951385498047,61.92312296408077,58.45727652952401,60.07467153231716,2039
2011-02-01,59.8436164855957,60.95268454975772,59.381503616981064,59.8436164855957,4692
2011-02-02,60.62920379638672,62.7549257018887,58.226218414916495,62.7549257018887,11814
2011-02-03,62.708717346191406,63.77157839638781,61.96934095787269,62.015548015795886,23396
2011-02-04,61.87691879272461,64.00264110107153,61.2761776219726,63.40189287903577,5127
2011-02-07,61.923126220703125,64.41853296430781,60.07467469172691,60.07467469172691,2326
2011-02-08,59.1042366027832,62.38523726492115,57.76410857863069,57.76410857863069,6998
2011-02-09,52.12633514404297,59.61256251470248,50.92483881548147,57.39441924343368,18933
2011-02-10,53.697513580322266,54.113415864551406,49.03017434220746,49.90818949210423,2447
2011-02-11,55.59217834472656,55.823234774213134,52.08011779601756,54.899009056266834,5427
2011-02-14,58.73454666137695,58.873181936385336,55.1300682932155,55.1300682932155,4815
2011-02-15,57.533050537109375,58.31864098157644,53.78993711090763,53.78993711090763,8651
2011-02-16,59.196659088134766,60.39814827107186,55.91565502249986,55.91565502249986,1090
2011-02-17,59.24287033081055,60.07467493243939,56.47019302623642,56.47019302623642,1821
2011-02-18,56.33156204223633,60.53678863955004,56.1005055970472,57.67169012946155,11192
2011-02-21,55.68460464477539,60.39815483100595,52.68087078426883,52.68087078426883,9267
2011-02-22,54.945220947265625,57.20957471535836,53.142980049165644,53.142980049165644,6475
2011-02-23,54.85279846191406,56.37777240442142,53.1429821844956,53.1429821844956,1225
2011-02-24,51.75664138793945,56.37777008329119,51.38694968205475,53.050558832894495,7681
2011-02-25,52.08012008666992,54.52931975720788,51.38695076772236,51.38695076772236,2332
2011-02-28,53.00434494018555,55.361123404877006,51.84906276166676,51.84906276166676,6138
2011-03-01,54.48311233520508,54.99143582679502,51.24832199245243,51.24832199245243,1508
2011-03-03,51.66422653198242,55.361129939619325,51.294534780962,52.21876063287122,17529
2011-03-04,53.18918991088867,54.43689675836077,51.06347144283121,51.06347144283121,1609
2011-03-07,52.35738754272461,53.60509083288879,48.66048472666331,48.66048472666331,1862
2011-03-08,51.941490173339844,53.60509589246029,50.2778844542194,50.2778844542194,1535
2011-03-09,52.86571502685547,54.34447485636745,51.84906455912964,51.84906455912964,782
2011-03-10,53.096771240234375,54.067207594494434,51.849064334207284,51.849064334207284,1172
2011-03-11,52.86571502685547,54.06720782903914,51.75664339190072,51.75664339190072,610
2011-03-14,53.420249938964844,53.6050958020312,52.033911254429555,52.033911254429555,2066
2011-03-15,52.958133697509766,52.958133697509766,49.44607662375454,49.44607662375454,6913
2011-03-16,52.680870056152344,53.60509584661116,51.386952539253365,51.386952539253365,7640
2011-03-17,51.8028564453125,52.68087167841441,51.75664585949487,52.68087167841441,1073
2011-03-18,50.87862777709961,52.63465814496262,50.832417193869844,52.21875584461175,1328
2011-03-21,50.09303283691406,51.75663836494476,49.07638246793221,49.07638246793221,2259
2011-03-22,51.294525146484375,52.21875082479941,49.16880679148803,49.16880679148803,1080
2011-03-23,54.80658721923828,55.314910685415235,49.446078481511165,49.446078481511165,11223
2011-03-24,53.096771240234375,55.45354625076352,51.9876996100908,51.9876996100908,2018
2011-03-25,53.697513580322266,54.99143101444818,52.72707726754851,52.72707726754851,2711
2011-03-28,53.096771240234375,54.529320479917466,51.75664316737929,51.75664316737929,646
2011-03-29,52.08012008666992,53.60509399861114,51.10968374527163,51.10968374527163,3466
2011-03-30,53.60509490966797,54.9914335711249,50.000612979623334,50.000612979623334,11116
2011-03-31,53.2816162109375,56.146714642521516,53.05055977207939,53.05055977207939,4195
2011-04-01,58.226219177246094,59.15044487847222,50.832413567437065,50.832413567437065,11653
2011-04-04,61.137535095214844,62.84735133147636,55.638391148582365,55.638391148582365,10825
2011-04-05,60.120887756347656,61.46101227106833,58.87318088057268,61.46101227106833,4310
2011-04-06,61.09132385253906,62.339027269888675,60.07467688474616,60.44436861429356,4575
2011-04-07,62.98598861694336,64.00263556952393,60.44436770985035,60.44436770985035,4593
2011-04-08,59.70498275756836,65.98972075364208,59.61256159171377,60.07467447226969,12516
2011-04-11,58.780757904052734,60.998901175226685,58.59591556948952,59.70498367943496,1177
2011-04-13,60.25951385498047,60.62920555158972,57.671686081280995,57.671686081280995,6884
2011-04-15,59.289085388183594,60.90648050839204,58.5959160509514,58.5959160509514,883
2011-04-18,59.889835357666016,61.41480230439091,58.226226077787324,58.68833898316659,3145
2011-04-19,58.68833541870117,60.398151654501234,56.377771032138135,56.377771032138135,1004
2011-04-20,60.53678512573242,61.923123716398045,57.81031852562841,57.81031852562841,8497
2011-04-21,60.167091369628906,61.36858759434851,56.8398802759286,56.8398802759286,2191
2011-04-25,59.42771530151367,60.49056921496902,58.688331921361474,58.688331921361474,3129
2011-04-26,61.04511260986328,61.8307030742615,55.91565696072196,55.91565696072196,4933
2011-04-27,60.53678512573242,61.09131915174213,60.07467226217721,61.09131915174213,1083
2011-04-28,59.01181411743164,60.2595174990682,55.915659192249635,55.915659192249635,5552
2011-04-29,59.05802536010742,60.02845814259826,58.133799633192695,58.133799633192695,1973
2011-05-02,58.68833541870117,59.05802713080784,57.53305322541965,57.57926380802262,3107
2011-05-03,56.839881896972656,59.01181093318581,55.638389163628325,55.638389163628325,3130
2011-05-04,56.19292449951172,56.88609380713474,54.02099541254947,54.02099541254947,911
2011-05-05,54.7603759765625,56.008079335392146,54.62174070307411,56.008079335392146,1454
2011-05-06,53.836151123046875,54.71416631001028,53.46645940464917,53.789940539657536,2376
2011-05-09,53.142982482910156,56.37777272100034,52.080121422995326,52.680869591754416,1917
2011-05-10,52.680870056152344,54.298265189455265,52.218757160922934,53.51267467782191,2421
2011-05-11,54.11341857910156,54.806587912375214,51.155895385339,51.155895385339,1047
2011-05-12,53.142982482910156,55.45354693868886,51.386952086261715,51.386952086261715,645
2011-05-13,53.60509490966797,53.60509490966797,52.72707971895027,53.050560855341814,750
2011-05-16,51.75664138793945,57.57926283895436,51.29452851840428,51.29452851840428,4205
2011-05-17,51.71043395996094,54.94522424399872,51.2945316468849,54.94522424399872,2915
2011-05-18,50.924835205078125,51.8952750209832,50.55514703650403,51.802850334608706,10657
2011-05-19,50.41651153564453,51.756639513900566,50.27787979518849,51.756639513900566,4159
2011-05-20,51.15589141845703,52.44980881715435,50.83241383160333,50.971049097764215,1656
2011-05-23,49.9081916809082,51.294530338711205,49.9081916809082,51.294530338711205,1380
2011-05-24,50.46271896362305,51.71042570363657,49.90818498515552,50.18545197438928,1964
2011-05-25,50.601356506347656,51.664217459659845,49.90818723913741,49.90818723913741,5371
2011-05-26,48.98395919799805,51.61800087669058,47.59762073013018,48.38321111833222,16695
2011-05-27,51.89527893066406,53.60509521253128,48.61427459283209,49.30744392747689,3726
2011-05-30,53.142982482910156,54.94522346354586,52.218756700598675,54.94522346354586,2775
2011-05-31,51.24831771850586,52.63465632121219,50.971050703092864,51.57179531554745,2311
2011-06-01,52.773292541503906,54.48311241189342,52.35739374593508,52.35739374593508,2504
2011-06-02,51.75664138793945,52.6808671270098,51.47937437134662,51.75664138793945,2212
2011-06-03,51.75664138793945,51.80285196976469,51.75664138793945,51.80285196976469,160
2011-06-06,51.24831771850586,51.57179531554745,50.23166729446971,51.15589302960727,2518
2011-06-07,51.34074020385742,55.823237250089846,50.093036839548205,50.093036839548205,813
2011-06-08,51.52558517456055,52.21875448184163,51.29452873880019,52.21875448184163,1826
2011-06-09,50.78620147705078,51.06346847404406,50.37029921874029,50.87862263416815,169
2011-06-10,51.06346893310547,51.29452535361726,50.231664409006555,50.60135609208189,407
2011-06-13,51.43315887451172,51.75663644201791,49.07638064458555,50.832410791267584,845
2011-06-14,50.0006103515625,50.83241491497315,49.954399770404436,50.83241491497315,2370
2011-06-15,50.50893783569336,56.37776984357997,50.23166729463806,55.91565697600964,486
2011-06-16,49.9081916809082,54.48310995678642,49.30744351893696,54.48310995678642,215
2011-06-17,50.0006103515625,55.407332962449004,49.3998657452249,55.407332962449004,1984
2011-06-20,49.39986801147461,55.26870022881948,48.29079638459485,55.26870022881948,1421
2011-06-21,49.446075439453125,53.558880550292905,48.52184973030447,53.558880550292905,307
2011-06-22,46.303707122802734,54.06720457453028,46.026440112164174,54.06720457453028,4382
2011-06-23,46.62718963623047,48.47564113003036,44.64010287013902,48.47564113003036,8122
2011-06-24,47.782474517822266,48.7991214865591,47.135515753334445,48.7991214865591,1662
2011-06-27,47.967315673828125,48.05973683440701,47.13551112605303,48.05973683440701,2017
2011-06-28,46.95066452026367,49.769552180045764,46.904453940721254,49.769552180045764,1807
2011-06-29,48.10594940185547,48.75290812955606,46.719610782057664,48.5218516929231,8950
2011-06-30,47.643836975097656,48.52185214765979,47.227934680132286,48.52185214765979,2687
2011-07-01,48.4294319152832,48.89154480178155,46.99687914662511,48.8453306926185,1420
2011-07-04,48.521846771240234,49.26122658834044,47.32035412774726,47.32035412774726,1576
2011-07-05,47.967315673828125,48.98396254276099,47.87489098760796,48.10594741469645,1219
2011-07-06,48.521846771240234,48.521846771240234,46.765816620691304,46.765816620691304,1017
2011-07-07,49.815765380859375,50.185453536128506,47.69004350408695,47.69004350408695,1307
2011-07-08,49.39986801147461,50.50893963835437,48.29079638459485,48.29079638459485,1578
2011-07-11,49.49228286743164,49.908185115186406,48.42942548499286,49.908185115186406,791
2011-07-12,47.50520706176758,49.90819270781304,47.50520706176758,49.90819270781304,5158
2011-07-13,47.643836975097656,48.059739270063034,46.25749834230738,47.690047557729045,4919
2011-07-14,49.26123046875,49.81576801948804,43.11513150896989,43.11513150896989,1128
2011-07-15,49.26123046875,49.67713275039319,47.320357855270245,47.320357855270245,555
2011-07-18,49.16880798339844,50.32409010929764,47.1817213165953,47.1817213165953,1751
2011-07-19,49.72334289550781,50.27788044138297,47.82868087979399,47.82868087979399,1545
2011-07-20,48.98395919799805,50.324087088731865,48.56805695250948,50.324087088731865,1524
2011-07-21,48.98395919799805,48.98395919799805,43.762082892105994,43.762082892105994,225
2011-07-22,48.98395919799805,48.98395919799805,48.0597335527528,48.98395919799805,5331
2011-07-25,49.446075439453125,51.20210569709209,46.21128545743283,46.21128545743283,2241
2011-07-26,48.79911804199219,49.815768464608695,48.52185102696637,49.168809745787534,2786
2011-07-27,48.24458694458008,49.86198207712875,47.18172587579146,47.18172587579146,5115
2011-07-28,48.752906799316406,48.98396322964492,47.13551178701681,47.13551178701681,1575
2011-07-29,47.55141067504883,48.89153858049551,47.13550842499419,47.13550842499419,7945
2011-08-01,47.181724548339844,48.10595031236468,47.181724548339844,47.597626847279315,1120
2011-08-02,46.58097839355469,46.950666571688096,45.333271537545805,45.333271537545805,3541
2011-08-03,46.25749206542969,47.08929654248932,44.362830229506066,44.362830229506066,1872
2011-08-04,45.98023223876953,46.67340156900224,44.45525830200096,44.45525830200096,4240
2011-08-05,45.10221481323242,46.11886522923602,43.48481978952072,43.48481978952072,1703
2011-08-08,42.42196273803711,47.135512586422834,41.68257932793305,42.51438390147942,3271
2011-08-09,42.88407516479492,43.34618802852917,40.57351084612367,40.66593200861398,2107
2011-08-10,42.1909065246582,44.82494847860853,41.867425399633916,42.699229977534756,1527
2011-08-11,41.77500534057617,42.421964082094156,41.081836015872945,41.682580648564176,1936
2011-08-12,41.497737884521484,43.20755412409541,41.035625006188916,41.95985076285405,1153
2011-08-16,41.128047943115234,41.49773967196168,40.89699149399661,40.89699149399661,12728
2011-08-17,39.37202072143555,40.66593835198267,37.061456042345625,37.061456042345625,1686
2011-08-18,37.708412170410156,41.45152597866249,37.15387809720302,39.27959674535259,1634
2011-08-19,36.969032287597656,37.43114519119263,35.44405829547759,36.044806480407715,2324
2011-08-22,37.338722229003906,41.40531347011624,35.53648128633706,36.044804750770915,251
2011-08-23,37.98567581176758,39.27959323445316,36.55312664599226,36.55312664599226,507
2011-08-24,38.817481994628906,39.74170775640579,38.12431267329625,38.12431267329625,1650
2011-08-25,39.7417106628418,40.203823577526,37.523567262100904,37.98568017678512,7819
2011-08-26,38.35536575317383,40.157606535860836,37.893252912774145,39.741704274372886,11367
2011-08-29,39.3258056640625,40.52729845552522,36.96903066433918,36.96903066433918,7392
2011-08-30,40.85077667236328,41.26667894276881,39.00232527113093,39.00232527113093,3546
2011-09-02,41.59015655517578,42.05226940578884,39.741705152723526,39.741705152723526,132
2011-09-05,40.15760803222656,40.66593147047929,39.787916335874776,40.20381861286021,2500
2011-09-06,41.03562545776367,44.316626224902265,39.695497390723546,44.316626224902265,3671
2011-09-07,41.63637161254883,43.43861262887516,39.7879200113201,39.7879200113201,1134
2011-09-08,42.53431701660156,42.53431701660156,41.58910997178819,41.68362923399804,1373
2011-09-09,41.82541275024414,44.235690052003804,41.82541275024414,43.952128652798926,252
2011-09-12,42.25075912475586,43.006924102118845,38.375407756542124,40.64390629431011,612
2011-09-13,41.11650466918945,42.53431517502357,39.79321342147284,41.21102392730696,2505
2011-09-14,43.479522705078125,44.04664547200335,39.36787363067371,41.68362793368389,8331
2011-09-15,42.7706184387207,43.479523716710546,42.6760991772602,43.479523716710546,2187
2011-09-16,41.211029052734375,43.24322580611293,40.73842549201183,42.770622245390385,776
2011-09-19,42.487056732177734,43.47952339283497,41.54184970189871,43.47952339283497,5307
2011-09-20,43.243221282958984,43.668565164254964,39.88773707394161,39.88773707394161,4802
2011-09-21,43.195960998535156,48.111038162613475,41.163764488508605,42.15623112604399,1238
2011-09-22,41.82541275024414,42.48705841884139,39.36787581623014,42.06171451719467,4145
2011-09-23,40.21855926513672,41.116506683968325,39.69869610865908,40.17129963376216,2611
2011-09-26,41.211029052734375,41.211029052734375,39.367878050459666,39.55691659020546,514
2011-09-27,40.40760040283203,42.06171270002398,40.40760040283203,40.40760040283203,360
2011-09-28,39.556915283203125,41.96719624779309,38.753490698792405,41.96719624779309,978
2011-09-29,39.50965118408203,41.825409014494845,38.753486318514994,39.698693301893414,485
2011-09-30,39.13157272338867,40.17129902047055,38.04458318997505,39.69869550258266,6825
2011-10-03,39.08430862426758,40.171298133685816,34.59457530344387,34.59457530344387,1018
2011-10-04,37.524715423583984,39.50964851217267,36.86306985882834,36.86306985882834,6243
2011-10-05,37.9973258972168,40.5966454055308,37.571981983811455,37.61924161737229,2572
2011-10-07,38.04458236694336,39.60417538450565,37.808280613111414,38.04458236694336,520
2011-10-10,40.691162109375,41.211025257154034,36.390470824034,36.86307434122924,867
2011-10-11,41.0219841003418,41.589106842283364,40.407598125173045,41.589106842283364,180
2011-10-12,40.738426208496094,41.77815622377929,39.69869979889199,39.69869979889199,581
2011-10-13,39.74595260620117,39.98225435012113,39.556910489929514,39.98225435012113,467
2011-10-14,40.50212097167969,41.589110530078244,39.36787538722057,39.55691391417791,242
2011-10-17,40.21855926513672,41.116506683968325,38.94253118962989,38.94253118962989,14
2011-10-18,41.25828552246094,42.061710001567825,39.60417333138805,41.589106518404144,1318
2011-10-19,39.840476989746094,42.95965940755857,39.36787348384485,42.95965940755857,1020
2011-10-20,40.17129898071289,41.54184990236707,39.69869546329274,41.11650601555319,378
2011-10-21,39.793216705322266,40.59664488833659,37.99732541313747,37.99732541313747,2421
2011-10-24,39.88773727416992,41.40006707561539,39.69869514756957,41.1165056885542,774
2011-10-25,39.037052154541016,40.454862791672134,38.32814683597545,38.37540646941071,590
2011-10-28,41.069244384765625,41.069244384765625,39.13157077884859,39.320609292067026,960
2011-10-31,39.651432037353516,40.643898607803756,39.32060744341788,40.17129513561999,863
2011-11-01,39.08430862426758,40.124038504076026,38.51718585759287,40.124038504076026,1407
2011-11-02,40.12403869628906,43.47952289415909,38.658968537295515,38.98978955182745,12779
2011-11-03,39.320613861083984,40.643905241449254,39.273354227287854,40.643905241449254,270
2011-11-04,39.651432037353516,39.98225302561082,38.753484719068695,39.36787067517893,2141
2011-11-08,38.80074691772461,38.84800654694073,38.51718553674929,38.80074691772461,394
2011-11-09,39.60417556762695,40.502119351797354,38.1391018025518,38.1391018025518,650
2011-11-11,38.2808837890625,39.22609079619985,36.91033290757763,37.80828028549383,1604
2011-11-14,37.9973258972168,38.28088730426072,36.91033629692301,38.28088730426072,546
2011-11-15,36.532257080078125,36.86307813387978,36.43773420350689,36.86307813387978,1663
2011-11-16,34.78361892700195,35.728825982657874,34.50005753144094,35.44526458709685,1250
2011-11-17,33.22402572631836,35.72882197977406,33.22402572631836,33.980190564990295,4676
2011-11-18,33.27128601074219,34.87813857825091,32.13703692746082,32.13703692746082,1088
2011-11-21,32.23155975341797,33.55485109815183,32.23155975341797,33.55485109815183,2673
2011-11-22,31.711694717407227,32.70416136469088,31.475392963021662,32.08977896669558,824
2011-11-23,32.089778900146484,32.326080654041995,30.955529760312295,31.05004901959905,1249
2011-11-24,31.617176055908203,33.08224623967224,30.435667261634194,33.08224623967224,463
2011-11-25,32.27882385253906,33.082248443905186,31.28635351467876,31.28635351467876,1307
2011-11-28,32.845943450927734,33.46032944695752,32.27882068972991,33.46032944695752,1165
2011-11-29,34.452796936035156,35.3980039652505,33.46033027649478,34.027453051752516,1040
2011-11-30,35.68156433105469,36.815813454766975,33.271287196715186,34.027452077297184,1597
2011-12-01,34.02745056152344,34.97265752156576,33.12950322834756,34.97265752156576,1970
2011-12-02,34.54731369018555,37.57197668536303,33.129503249228456,37.57197668536303,686
2011-12-05,34.121971130371094,34.972658869467395,33.460329117383466,34.972658869467395,832
2011-12-07,33.743892669677734,33.743892669677734,33.60211016879891,33.60211016879891,52
2011-12-08,34.78361892700195,37.28841906676164,33.08224694795706,37.28841906676164,466
2011-12-09,33.31855010986328,37.713764545350855,33.08224833603446,34.027455431349736,2450
2011-12-12,32.13703536987305,33.082242292516376,31.664431908551386,32.51511958120168,530
2011-12-13,31.239089965820312,31.239089965820312,31.002788220835775,31.191830337959104,495
2011-12-14,32.562381744384766,33.980192238865854,31.191830878584003,32.609641373065095,7
2011-12-15,32.987728118896484,32.987728118896484,30.293885811409503,31.286352511776784,384
2011-12-16,30.955530166625977,33.74389162032802,30.43566702236799,33.74389162032802,633
2011-12-19,29.77402114868164,32.987726460969526,28.97059482060967,29.821280778575566,1305
2011-12-20,29.301420211791992,29.77402376359509,28.497993813158832,29.77402376359509,655
2011-12-21,29.49045753479004,30.624706594912418,29.11237331285646,30.624706594912418,321
2011-12-22,31.144573211669922,31.191832843327088,25.520590508176706,25.520590508176706,3149
2011-12-23,31.097312927246094,31.995256726919727,29.774021634550163,30.246625152558895,2865
2011-12-26,30.76648712158203,33.838409870854925,30.341143250546995,30.341143250546995,1778
2011-12-27,30.29388427734375,32.0897790580586,29.915801829818264,32.0897790580586,551
2011-12-28,31.664432525634766,32.04251674433159,29.632237962915593,32.04251674433159,351
2011-12-29,31.239089965820312,31.475391710804853,30.6247075922676,30.719226847990026,342
2011-12-30,31.239089965820312,32.79868292498966,27.411002418206483,30.246623358020948,298
2012-01-02,31.19182777404785,31.239087398024406,30.246620871803977,30.246620871803977,107
2012-01-03,32.13703536987305,32.18429499486956,30.2466215245864,30.2466215245864,365
2012-01-04,32.5151252746582,32.609644541201725,31.428135681013256,31.428135681013256,267
2012-01-05,32.13703536987305,32.13703536987305,30.671965360911546,32.13703536987305,103
2012-01-06,30.813749313354492,33.4603320173992,30.43566864540443,33.4603320173992,237
2012-01-09,32.65690231323242,33.31854795836404,32.60964268265417,33.082246199794085,1077
2012-01-10,32.27882385253906,34.358276584469955,30.861013204943124,33.932936274734324,1199
2012-01-11,34.92539978027344,34.92539978027344,33.60210852250016,33.93293313978278,1371
2012-01-12,33.31855010986328,34.87814325940504,33.08224833603446,34.027455431349736,1163
2012-01-13,35.68156433105469,35.87060645261983,33.55484857622361,33.55484857622361,1084
2012-01-16,35.82334899902344,36.72129282104807,34.0274541436166,34.97266120316151,1063
2012-01-17,35.208961486816406,35.72882462655985,34.97265973187133,34.97265973187133,825
2012-01-18,36.248687744140625,36.76855448924485,35.11444220564065,36.76855448924485,2733
2012-01-19,35.256221771240234,35.917867418506354,34.64183936038353,35.06717964263867,2016
2012-01-20,35.39799880981445,36.53224780081429,34.594570788587085,34.594570788587085,731
2012-01-23,36.39046859741211,36.81581245799808,31.80621620338613,34.02745115602171,439
2012-01-24,36.62677001953125,36.62677001953125,33.69662986024012,35.44526130922379,1221
2012-01-25,36.81581115722656,36.81581115722656,34.59457267739302,35.91786384008868,2583
2012-01-27,36.863075256347656,37.2411595217612,34.73635937617375,35.917868198492584,372
2012-01-30,35.30348205566406,36.674033006304676,34.7836188966428,36.39047161099115,210
2012-01-31,35.63430404663086,37.33567589806522,35.63430404663086,37.241156641860506,1155
2012-02-01,35.5397834777832,37.52472043725733,35.5397834777832,37.335678306972355,730
2012-02-02,36.059654235839844,37.33568244681372,36.059654235839844,37.33568244681372,2922
2012-02-03,37.00485610961914,37.808280630751156,35.917866599213596,35.917866599213596,2348
2012-02-06,38.32814407348633,39.462393222576345,34.027452838628705,36.39047039686681,3519
2012-02-07,37.57197952270508,37.808281280709515,36.91033387915692,37.808281280709515,1824
2012-02-08,37.382938385009766,38.9897911031227,37.24115948986022,38.9897911031227,640
2012-02-09,38.2808837890625,38.51718554084684,37.193894288583124,38.51718554084684,2613
2012-02-10,38.75348663330078,40.73841987224721,37.33567614671661,40.73841987224721,1536
2012-02-13,38.13909912109375,38.895267568231056,37.382934279634824,38.800744709499696,1292
2012-02-14,38.75348663330078,38.75348663330078,36.10690777947936,37.33567614671661,1344
2012-02-15,38.09184265136719,39.604176065295604,37.808281263030196,37.808281263030196,3979
2012-02-16,38.89527130126953,39.46239408537468,37.80828175844281,37.90280102056742,10225
2012-02-17,38.04458236694336,39.46239288993504,37.09937535161557,37.95006310768203,1214
2012-02-21,36.532257080078125,38.186369560444525,35.398007800976785,38.186369560444525,2161
2012-02-22,37.0993766784668,39.55691356394087,36.91033454750446,37.33567844075002,2264
2012-02-23,35.256221771240234,36.579513065772474,34.5473164932434,36.579513065772474,4767
2012-02-24,35.019920349121094,35.917867764365994,34.68909932514185,35.917867764365994,1061
2012-02-27,33.55485153198242,35.72882710728494,33.27129012749581,35.72882710728494,286
2012-02-28,34.311012268066406,35.53978060715008,33.318545671332615,33.55484741368249,1160
2012-02-29,35.776084899902344,36.768555173065714,34.68909897101102,34.830877863121,244
2012-03-01,35.114444732666016,35.82335004808448,33.64937086292475,34.972662227310764,441
2012-03-02,34.92539978027344,36.343210296882546,33.554848893082244,34.027452398618614,255
2012-03-05,34.02745056152344,36.626769701639816,33.365804968358134,33.365804968358134,2176
2012-03-06,34.02745056152344,34.216492674667585,34.02745056152344,34.02745056152344,926
2012-03-07,34.878143310546875,34.878143310546875,32.798686976668385,33.554851932893584,823
2012-03-09,32.751426696777344,34.027454809876154,32.27882315775128,34.027454809876154,7511
2012-03-12,32.37333679199219,33.932929641760914,32.326077167446094,32.7986806242635,1558
2012-03-13,32.798683166503906,34.263753275060445,32.65690067619777,32.98772528501925,1596
2012-03-14,32.562381744384766,34.50005536570655,32.562381744384766,32.987725613864804,5835
2012-03-15,32.13703536987305,33.83840710949538,32.13703536987305,33.83840710949538,130
2012-03-16,32.420597076416016,33.74388822470985,31.56991300023709,31.9007339844714,436
2012-03-19,33.03498458862305,34.027451193978386,32.0425179832677,32.137037238757365,480
2012-03-20,33.7911491394043,33.7911491394043,32.42059831331375,33.08224391270351,7000
2012-03-21,33.4603271484375,33.554846400251385,31.758951770360962,32.13703598897315,3054
2012-03-22,32.65690231323242,33.082246199794085,31.428133889804382,32.13703916551425,301
2012-03-23,30.530187606811523,33.74389308360382,29.868543740231484,33.74389308360382,3029
2012-03-26,30.482927322387695,31.286351871558974,29.915802732566096,31.286351871558974,5349
2012-03-27,30.813749313354492,31.09731432141561,28.970596592190947,29.301419430196535,2557
2012-03-28,29.159635543823242,30.90826880841127,28.82881274195428,30.90826880841127,4238
2012-03-29,29.017854690551758,29.679498487629697,28.828812575478505,28.828812575478505,943
2012-03-30,29.49045753479004,30.199362746656732,28.639769838278664,28.734290893762058,413
2012-04-02,31.050050735473633,31.900738538779276,29.91580333579846,31.900738538779276,1617
2012-04-03,30.482927322387695,31.14457297765279,30.341144822802768,30.341144822802768,227
2012-04-04,30.482927322387695,30.482927322387695,30.482927322387695,30.482927322387695,0
2012-04-09,30.482927322387695,30.482927322387695,30.482927322387695,30.482927322387695,0
2012-04-10,30.90826988220215,31.191831263461534,29.584978628753554,29.584978628753554,1056
2012-04-11,30.01032257080078,30.908269951535264,29.5377190657488,30.908269951535264,1480
2012-04-12,29.821279525756836,30.34114264410738,29.679498839192075,30.34114264410738,579
2012-04-13,31.239089965820312,34.8308757684496,30.435665475144276,34.8308757684496,1933
2012-04-16,31.664432525634766,31.664432525634766,31.664432525634766,31.664432525634766,135
2012-04-17,31.239089965820312,31.286349593681525,30.719226847990026,31.191830337959104,633
2012-04-18,31.522653579711914,33.980194065672585,30.246625508349897,30.246625508349897,555
2012-04-19,31.995256423950195,35.91786702855016,30.246624866147506,31.09731263277937,1048
2012-04-20,31.333616256713867,31.90073906447747,30.577447705457224,30.577447705457224,138
2012-04-23,30.05758285522461,33.55484958996202,29.915802161187003,30.246624982500975,787
2012-04-24,31.19182777404785,31.19182777404785,29.77401742068204,29.77401742068204,576
2012-04-25,30.719228744506836,30.719228744506836,29.395939251465183,30.246625225360578,580
2012-04-26,29.443199157714844,29.774021984780276,29.443199157714844,29.774021984780276,289
2012-04-27,29.86854362487793,30.482927856772125,28.356211959788023,28.356211959788023,783
2012-04-30,30.05758285522461,30.719228497852555,28.923335500084427,28.923335500084427,587
2012-05-02,30.104843139648438,30.246623828275627,29.77402033095882,29.77402033095882,400
2012-05-03,29.963062286376953,30.246623662073187,29.963062286376953,30.246623662073187,244
2012-05-04,29.821279525756836,30.246623388290367,29.490458524718804,30.246623388290367,591
2012-05-07,30.530187606811523,30.530187606811523,29.159638438498963,29.20689807081203,471
2012-05-08,29.348678588867188,29.348678588867188,29.15963825794601,29.301418956846746,561
2012-05-09,28.97059440612793,29.30141721917029,28.828813715635285,29.159636528677648,251
2012-05-10,29.443199157714844,30.10484481184571,28.828814937644395,28.828814937644395,26068
2012-05-11,29.017854690551758,29.301416060322413,28.687031890593175,28.687031890593175,25388
2012-05-14,28.639772415161133,30.010323335888636,28.4507320900245,28.4507320900245,21895
2012-05-15,30.435667037963867,30.48292666825178,29.01785649525448,29.01785649525448,4590
2012-05-16,29.443199157714844,30.057583377785292,28.497992110578963,28.828814937644395,5487
2012-05-17,30.1521053314209,31.569917746736284,28.9233368550775,29.301419324503208,8004
2012-05-18,30.104843139648438,30.719227325592435,29.537718582300418,30.010322079617225,905
2012-05-21,29.679500579833984,29.86854270823343,29.584979515634263,29.77402164403371,4425
2012-05-22,29.726760864257812,31.475392371581805,29.443197682619854,31.475392371581805,208
2012-05-23,29.679500579833984,30.43566729059242,29.017856736114624,29.06511636679481,1403
2012-05-24,30.246623992919922,30.246623992919922,29.44319768254013,29.44319768254013,361
2012-05-25,30.671968460083008,33.55484914430288,29.395938625013486,33.55484914430288,1965
2012-05-28,30.246623992919922,30.293883621773148,29.301416993141174,29.301416993141174,570
2012-05-29,30.246623992919922,30.246623992919922,29.44319768254013,30.199364364066696,805
2012-05-30,30.246623992919922,30.341143250626374,28.92333455379753,28.92333455379753,1030
2012-05-31,30.482927322387695,30.71922908457675,30.246625560198645,30.246625560198645,502
2012-06-01,29.395936965942383,31.758952575110772,28.828812426492718,28.923333483540862,861
2012-06-04,30.246623992919922,30.246623992919922,29.206895932595444,29.206895932595444,3004
2012-06-05,29.584980010986328,29.584980010986328,29.490460748043386,29.537720379514855,45
2012-06-06,29.679500579833984,32.08977960414985,29.632240949153797,32.08977960414985,6220
2012-06-07,30.104843139648438,30.246623828275627,29.58497821089639,30.246623828275627,14113
2012-06-08,30.104843139648438,30.48292557693403,29.537718582300418,30.246623828275627,10612
2012-06-11,29.915802001953125,30.71922833434225,29.632240615387236,30.71922833434225,10328
2012-06-12,30.199365615844727,30.246625246656887,29.774021727177875,29.774021727177875,1391
2012-06-13,29.49045753479004,30.199362746656732,29.49045753479004,29.774018898401042,10735
2012-06-14,29.77402114868164,31.286350939359092,29.348677268279033,29.67950008605447,26658
2012-06-15,30.199365615844727,31.097313023990594,29.584979598250527,29.6795006627142,13763
2012-06-18,31.900733947753906,32.751421628631995,29.537716618290652,29.537716618290652,15868
2012-06-19,31.19182777404785,33.554845029657535,31.00278567246344,33.554845029657535,18401
2012-06-20,30.1521053314209,31.66443701196314,29.821282494608624,30.34114566471404,17029
2012-06-21,30.246623992919922,31.144571363845444,29.112374872049713,30.341143250626374,14060
2012-06-22,31.286352157592773,31.664436422823368,29.490460911944385,29.537720543678514,16256
2012-06-25,30.813749313354492,31.75895639174793,29.632242268202123,30.246626508589973,15904
2012-06-26,31.19182777404785,32.13703467629173,30.246620871803977,30.246620871803977,16558
2012-06-27,31.80621910095215,32.08978049861592,31.23909269994581,32.08978049861592,17077
2012-06-28,31.853477478027344,31.853477478027344,30.90827045260029,31.758954612077446,17334
2012-06-29,31.995256423950195,32.3733406770485,31.428133649981394,32.04251965984648,17656
2012-07-02,32.562381744384766,33.31854662030564,31.617174748064038,32.13703787490473,18436
2012-07-03,33.41306686401367,34.547316014217074,31.191831799360944,32.137038823584,16620
2012-07-04,33.27128601074219,34.216492979196914,31.758952697807555,33.08224389591555,13103
2012-07-05,33.7911491394043,34.50005436610509,33.36580528224813,33.36580528224813,18579
2012-07-06,33.838409423828125,34.2637532892441,33.41306555841215,33.41306555841215,17980
2012-07-09,32.13703536987305,33.27128439818069,31.191828447229724,33.27128439818069,17148
2012-07-10,32.18429946899414,32.609643364448786,31.664436310406796,31.664436310406796,305
2012-07-11,32.94046401977539,33.082246518554975,31.286351693847642,33.082246518554975,629
2012-07-12,32.13703536987305,33.3185440231772,31.239088072226238,33.27128439818069,892
2012-07-13,32.609642028808594,33.83841042759899,30.24662449048913,31.66443501348081,992
2012-07-16,32.845943450927734,33.554848705264305,32.60964169948221,32.60964169948221,1845
2012-07-17,31.947998046875,32.37334194687481,31.947998046875,32.23155944498194,621
2012-07-18,31.995256423950195,32.137038920281725,31.569916146312924,31.569916146312924,20149
2012-07-19,32.18429946899414,32.37334160093829,32.089780205861445,32.32608196937194,20455
2012-07-20,31.80621910095215,33.03498756128102,31.380875201617094,33.03498756128102,791
2012-07-23,31.19182777404785,32.13703467629173,31.09730852609474,32.13703467629173,59
2012-07-24,31.19182777404785,31.239087398024406,30.95552604848688,31.09730852609474,584
2012-07-25,30.246623992919922,31.19183099269867,29.490459114232635,30.955529242753983,2063
2012-07-26,29.395936965942383,31.09731058429138,29.065114167693476,29.301415908894235,2000
2012-07-27,29.5377197265625,30.908270643010738,29.443198662869634,29.774021484375,1023
2012-07-30,30.246623992919922,31.758953750294495,29.490459114232635,29.584978371939087,2478
2012-07-31,29.77402114868164,30.955529924422976,29.443198330906203,29.443198330906203,625
2012-08-01,30.246623992919922,30.388406485158157,28.876073122105026,29.301416993141174,1269
2012-08-02,30.482927322387695,31.002790478067862,29.963064166707532,29.963064166707532,506
2012-08-03,30.861011505126953,31.002790398670044,29.915802655952046,31.002790398670044,471
2012-08-06,31.617176055908203,32.089779573617804,29.96306374392459,29.96306374392459,1162
2012-08-07,32.27882385253906,32.84594666930586,31.711697430093327,32.089781711723816,1789
2012-08-08,30.813749313354492,32.987728478202484,30.53018791097223,32.987728478202484,472
2012-08-09,30.482927322387695,32.798685312976154,28.35621146268623,28.35621146268623,515
2012-08-10,30.719228744506836,31.191832263653097,27.78908656523216,27.78908656523216,718
2012-08-13,29.821279525756836,30.246623388290367,28.35620942652222,28.35620942652222,181
2012-08-14,29.86854362487793,31.191833155766826,28.639773358250142,28.639773358250142,379
2012-08-16,30.104843139648438,30.246623828275627,25.52058885510756,25.52058885510756,241
2012-08-17,31.333616256713867,33.08224791871738,29.82128275987946,30.2466266685416,744
2012-08-21,32.609642028808594,34.02745255180027,29.0651157213294,29.0651157213294,26803
2012-08-22,31.758955001831055,32.137039258913276,29.443198842818855,29.443198842818855,25307
2012-08-23,31.617176055908203,32.51512346069219,25.52058995631858,25.52058995631858,25948
2012-08-24,33.08224868774414,33.5548522404262,25.520591844831195,25.520591844831195,30693
2012-08-27,32.65690231323242,33.64936897809051,31.28635139239093,31.664435648374337,1799
2012-08-28,30.76648712158203,32.184297621246444,28.356209993288243,28.356209993288243,1245
2012-08-29,30.76648712158203,34.97265899172216,25.520588993959418,25.520588993959418,525
2012-08-30,31.050050735473633,31.900738538779276,26.465797898839103,26.465797898839103,1301
2012-08-31,30.624710083007812,31.85347853572876,28.497992402339516,28.497992402339516,440
2012-09-03,31.475391387939453,33.8384088135457,25.520588196547415,25.520588196547415,258
2012-09-04,31.239089965820312,31.286349593681525,30.34114261374337,30.813746103712447,455
2012-09-05,31.664432525634766,32.987723685395316,25.52058740872056,25.52058740872056,38
2012-09-06,30.813749313354492,32.37334243497521,30.293886141373875,30.293886141373875,436
2012-09-07,30.76648712158203,31.097311734910864,28.82881349317638,30.246623992840792,1278
2012-09-10,31.333616256713867,31.85347943144365,29.86854419575272,29.86854419575272,1826
2012-09-11,32.65690231323242,33.69663221434745,29.868542643810528,29.868542643810528,1644
2012-09-12,33.507591247558594,33.74389301431757,31.191833212184864,31.191833212184864,729
2012-09-13,34.26375198364258,34.87813794424131,31.191829392005655,31.191829392005655,1751
2012-09-14,33.69662857055664,34.40553376960893,33.12950224790784,33.55484608847487,2952
2012-09-17,33.17676544189453,34.59457599249992,33.17676544189453,33.41306720032876,205
2012-09-18,33.31855010986328,34.21649757154857,32.70416405563679,33.271290476233304,2063
2012-09-20,32.89320373535156,33.885670390058124,29.301417762962817,29.301417762962817,3319
2012-09-21,33.08224868774414,33.36581009821759,28.35621316092355,31.191834477015906,1567
2012-09-24,34.54731369018555,34.972657543608356,33.08224362233223,33.08224362233223,4347
2012-09-25,34.02745056152344,34.78361540842161,30.246622721354168,30.246622721354168,6214
2012-09-26,34.02745056152344,34.02745056152344,29.30141576131185,29.30141576131185,157
2012-09-27,33.55485153198242,34.0274550746864,29.34867928078124,29.34867928078124,4493
2012-09-28,34.641841888427734,34.830880425145985,32.13704161444227,32.13704161444227,8431
2012-10-01,34.6890983581543,34.972659743043245,33.69663170820366,33.69663170820366,901
2012-10-03,34.216495513916016,34.59457616589863,34.169235883128025,34.500056904322655,3000
2012-10-04,35.114444732666016,35.44526577092307,31.56991815557371,31.56991815557371,6218
2012-10-05,34.216495513916016,35.067179685135926,33.50759023506007,34.31101477549199,1930
2012-10-08,33.64936828613281,34.736357795473495,32.89320339539428,33.08224551949857,2020
2012-10-09,33.55485153198242,34.783620021876985,33.55485153198242,34.0274550746864,2874
2012-10-10,32.751426696777344,33.69663377482946,32.51512492726432,33.08224773182404,1893
2012-10-11,32.562381744384766,32.562381744384766,31.900736125824547,32.562381744384766,843
2012-10-12,33.08224868774414,33.98019615897584,32.7986872772707,32.84594691140311,5831
2012-10-15,33.7911491394043,34.358271878493554,33.12950354001454,34.358271878493554,392
2012-10-16,32.751426696777344,33.12950736459088,32.60964419279799,33.08224773182404,1722
2012-10-17,32.562381744384766,34.02745186754618,32.13703787490473,34.02745186754618,1350
2012-10-18,32.562381744384766,32.70416063042575,31.380872998983858,32.13703787490473,1181
2012-10-19,32.751426696777344,33.79115304036313,32.60964419279799,32.65690382556482,1731
2012-10-22,32.609642028808594,33.082245536472485,32.609642028808594,32.609642028808594,1020
2012-10-23,32.46786117553711,32.94046470709182,32.32608227947797,32.32608227947797,150
2012-10-25,32.27882385253906,32.60964489470654,31.711697430093327,32.60964489470654,131
2012-10-29,32.562381744384766,33.082244871225456,31.52265188502484,33.082244871225456,3602
2012-10-30,33.743892669677734,34.027454065756615,29.86854337384313,32.13703995099236,17773
2012-10-31,34.311012268066406,34.311012268066406,32.2315562142518,33.27128604399832,4381
2012-11-01,34.452796936035156,34.452796936035156,31.617175848389117,31.617175848389117,3424
2012-11-02,35.492523193359375,36.24868809490263,28.592512607549324,28.592512607549324,6541
2012-11-05,36.39046859741211,36.62677034155115,33.4603284123594,33.4603284123594,3590
2012-11-06,36.059654235839844,36.863078871537596,34.02745741988086,35.91787172098535,5183
2012-11-07,35.91786575317383,35.96512538171335,33.46032901233335,33.46032901233335,206
2012-11-08,35.91786575317383,35.91786575317383,34.97265875966925,35.256220136584915,920
2012-11-09,36.48499298095703,36.532256220970716,35.114445556855614,35.114445556855614,476
2012-11-12,36.248687744140625,36.76855448924485,34.027452691286435,34.027452691286435,3573
2012-11-15,35.87060546875,35.917865096425395,34.02745114398195,34.02745114398195,3904
2012-11-16,35.44526290893555,35.91786641438802,35.35074365011649,35.63430503225226,6525
2012-11-19,35.06718063354492,37.33567902950807,34.02745430537444,34.500057837393534,2092
2012-11-20,34.92539978027344,34.97265940969135,34.59457516299082,34.59457516299082,760
2012-11-21,34.16923904418945,34.500060095988964,34.16923904418945,34.40554082566883,825
2012-11-22,34.121971130371094,36.39046936417553,33.74389049518938,36.39046936417553,1941
2012-11-23,33.602108001708984,34.500055369446734,33.082244874811934,33.602108001708984,1907
2012-11-26,33.365806579589844,35.30348022011099,33.082245199019674,34.452796078400496,103
2012-11-27,34.02745056152344,34.97265752156576,33.41306459522457,33.41306459522457,330
2012-11-29,33.64936828613281,36.62677182515913,32.70416127129,32.70416127129,273
2012-11-30,34.02745056152344,34.02745056152344,32.60964012145996,32.60964012145996,1467
2012-12-03,34.074710845947266,34.121970473725696,33.507588101249176,34.121970473725696,496
2012-12-04,34.92539978027344,35.35074365639189,33.082245387545875,33.082245387545875,2617
2012-12-05,35.68156433105469,35.72882396002633,33.6493678341669,33.6493678341669,532
2012-12-06,34.73635482788086,36.10690560344992,34.73635482788086,36.10690560344992,430
2012-12-07,35.87060546875,35.917865096425395,34.50005463209281,34.92539849252828,5481
2012-12-10,34.73635482788086,37.33567389663385,34.594572345495735,37.33567389663385,569
2012-12-11,34.3582763671875,34.97266241953192,34.02745532711214,34.02745532711214,504
2012-12-12,35.06718063354492,35.870608801384655,33.7911525393649,34.500057837393534,3490
2012-12-13,34.73635482788086,35.44526002844986,34.73635482788086,34.73635482788086,1061
2012-12-14,34.121971130371094,34.972658869467395,34.0274518729953,34.972658869467395,783
2012-12-17,35.30348205566406,35.91786808357568,34.16923647440995,35.870608451969886,1236
2012-12-18,34.97265625,35.35074046254158,34.3582703060395,34.4055335368659,585
2012-12-19,34.641841888427734,34.878143665004515,34.405540111850954,34.405540111850954,1059
2012-12-20,34.92539978027344,35.91786642076409,34.59457516299082,35.91786642076409,1732
2012-12-21,35.019920349121094,35.256222110728764,34.641839693956065,34.83087821869921,821
2012-12-24,34.92539978027344,35.44526291522772,34.783617286341084,34.783617286341084,483
2012-12-26,34.216495513916016,35.11444292160262,33.554849865848055,34.500056904322655,921
2012-12-27,34.121971130371094,34.121971130371094,34.121971130371094,34.121971130371094,124
2012-12-28,34.074710845947266,34.1692337071826,34.074710845947266,34.121970473725696,813
2012-12-31,34.074710845947266,34.878138940894445,32.1370372616039,32.1370372616039,718
2013-01-01,34.97265625,34.97265625,34.50005278716216,34.50005278716216,1312
2013-01-02,34.830875396728516,35.30347888165389,34.3110122844463,34.3110122844463,931
2013-01-03,35.350746154785156,35.445265420301084,33.885672299536296,34.02745480348904,2006
2013-01-04,35.06718063354492,37.099377263498525,34.97266136941262,34.97266136941262,1361
2013-01-07,35.91786575317383,35.91786575317383,33.55484826941239,33.55484826941239,1483
2013-01-08,37.80828094482422,37.90280020491482,34.97265987396241,34.97265987396241,10054
2013-01-09,40.40760040283203,41.967193439598766,38.75348810564007,38.75348810564007,27908
2013-01-10,41.49458694458008,42.061709677738904,38.98978706082539,42.061709677738904,8994
2013-01-11,39.793216705322266,43.90486967495365,39.22609389845946,43.90486967495365,4099
2013-01-14,39.74595260620117,39.74595260620117,34.02745112447389,34.02745112447389,398
2013-01-15,42.58157730102539,43.95212825816856,35.53978398798951,35.53978398798951,21706
2013-01-16,40.92746353149414,42.91240045080255,40.64390214464398,41.82541092791852,7568
2013-01-17,40.64390182495117,41.589108844136085,35.539782479081204,35.539782479081204,4415
2013-01-18,40.17129898071289,41.44732703547582,37.90280065482469,37.90280065482469,2057
2013-01-21,40.691162109375,43.95212709915794,34.689098883266844,34.689098883266844,4198
2013-01-22,39.93499755859375,42.48705729530827,39.320611538497744,40.880204601400706,2386
2013-01-23,38.422664642333984,39.98225397413242,35.91786473806591,35.91786473806591,4189
2013-01-24,38.51718521118164,40.076778201881275,33.6493677238161,33.6493677238161,1033
2013-01-25,37.0993766784668,37.85554159663737,31.758955408594343,31.758955408594343,5036
2013-01-28,37.146636962890625,37.808282630052304,35.06718069710199,35.06718069710199,1205
2013-01-29,37.0993766784668,38.280885489882934,36.4849906542589,37.193895941108586,940
2013-01-30,37.00485610961914,37.808280630751156,33.22402804654402,33.22402804654402,1290
2013-01-31,36.863075256347656,37.80828231420272,30.908271512996482,30.908271512996482,3659
2013-02-01,36.95759582519531,37.761024016156284,36.154171239913246,36.154171239913246,2490
2013-02-04,37.666500091552734,37.80828259355007,36.95759479292367,37.004858030708654,8306
2013-02-05,36.10690689086914,38.753485679556846,33.31854561474095,33.31854561474095,989
2013-02-06,36.910335540771484,37.335679445463164,34.40553895657177,34.40553895657177,1239
2013-02-07,35.44526290893555,37.761020806788395,31.75895412413481,31.75895412413481,264
2013-02-08,36.248687744140625,36.248687744140625,35.91786672969124,35.91786672969124,534
2013-02-11,35.965126037597656,36.863073418938285,35.917866408196275,36.863073418938285,1760
2013-02-12,35.5870475769043,36.86307567730885,29.963064797307315,29.963064797307315,1833
2013-02-13,35.39799880981445,36.72128629458248,30.81374322237306,30.81374322237306,3742
2013-02-14,34.02745056152344,34.97265752156576,30.62470694764246,30.62470694764246,1737
2013-02-15,32.70416259765625,35.445264494141355,29.915802872487426,29.915802872487426,1628
2013-02-18,34.878143310546875,34.92540294424615,34.73636080377012,34.73636080377012,35
2013-02-19,34.97265625,34.97265625,34.50005278716216,34.50005278716216,662
2013-02-20,34.594573974609375,35.019917836116555,34.07471085751325,34.21649334657514,380
2013-02-21,34.02745056152344,35.01991714843219,34.02745056152344,35.01991714843219,600
2013-02-22,33.31855010986328,33.31855010986328,32.46786228180797,32.46786228180797,1725
2013-02-25,33.7911491394043,35.63430344996204,28.35620906803158,28.35620906803158,1452
2013-02-26,32.089778900146484,33.460329793876184,30.246624498625753,30.246624498625753,877
2013-02-27,32.987728118896484,33.08224738343477,30.341145443678645,30.341145443678645,688
2013-02-28,32.420597076416016,32.65689880963432,28.592509719415105,28.592509719415105,1632
2013-03-01,31.569917678833008,33.55485108975845,27.600047251303284,27.600047251303284,4898
2013-03-04,30.861011505126953,31.097313266710838,28.545253520469128,28.545253520469128,270
2013-03-05,31.19182777404785,31.19182777404785,27.032917764742624,27.032917764742624,222
2013-03-06,31.333616256713867,34.0274550021093,31.333616256713867,34.0274550021093,360
2013-03-07,32.5151252746582,33.03498845200535,27.17470378433477,27.17470378433477,1414
2013-03-08,34.26375198364258,34.40553446860486,31.191829392005655,31.191829392005655,11152
2013-03-11,34.594573974609375,35.35074244203479,32.184296900306656,32.184296900306656,1158
2013-03-12,34.02745056152344,35.11444000784347,29.86854029790508,29.86854029790508,573
2013-03-13,34.02745056152344,34.5000540415446,30.341141975087037,30.341141975087037,938
2013-03-14,32.845943450927734,33.08224520237326,32.3260803188833,32.3260803188833,1157
2013-03-15,33.7911491394043,34.0274508816379,31.191829974834736,31.191829974834736,728
2013-03-18,34.452796936035156,35.30348109892177,32.04251973267176,32.04251973267176,1253
2013-03-19,33.22402572631836,34.45279403987006,32.32607840291114,32.32607840291114,588
2013-03-20,31.947998046875,33.08224724498156,30.719229584625733,30.719229584625733,5217
2013-03-21,31.19182777404785,31.19182777404785,31.19182777404785,31.19182777404785,50
2013-03-22,30.955530166625977,33.93293374706147,28.45073190302411,28.45073190302411,2415
2013-03-25,31.19182777404785,36.72128670990324,29.3014139695601,29.3014139695601,4045
2013-03-26,30.813749313354492,31.42813535658177,28.828815890999817,28.828815890999817,2847
2013-03-28,31.19182777404785,31.19182777404785,30.246620871803977,30.246620871803977,198
2013-04-01,32.562381744384766,33.082244871225456,30.246623882263275,30.2938835109436,156
2013-04-02,34.6890983581543,35.63430537823655,31.191831662714247,31.191831662714247,2096
2013-04-03,34.02745056152344,34.97265752156576,30.246622721354168,30.246622721354168,16
2013-04-04,31.80621910095215,34.02745425594362,30.246626005283215,30.246626005283215,1373
2013-04-05,31.380874633789062,33.27128872491276,31.380874633789062,32.60964307188372,320
2013-04-08,31.380874633789062,31.380874633789062,31.380874633789062,31.380874633789062,0
2013-04-09,31.380874633789062,31.380874633789062,31.380874633789062,31.380874633789062,0
2013-04-10,31.380874633789062,31.380874633789062,31.380874633789062,31.380874633789062,0
2013-04-11,31.380874633789062,31.380874633789062,31.380874633789062,31.380874633789062,0
2013-04-12,31.380874633789062,31.380874633789062,31.380874633789062,31.380874633789062,0
2013-04-15,29.301420211791992,29.301420211791992,26.607579605946448,29.301420211791992,102
2013-04-16,29.726760864257812,29.726760864257812,29.726760864257812,29.726760864257812,100
2013-04-17,31.380874633789062,33.27128872491276,31.380874633789062,32.60964307188372,50
2013-04-18,30.719228744506836,30.719228744506836,30.293884856139464,30.719228744506836,200
2013-04-22,31.569917678833008,31.569917678833008,31.569917678833008,32.9404650500688,1
2013-04-23,32.70416259765625,32.70416259765625,31.239092386367492,32.70416259765625,1000
2013-04-25,31.617176055908203,31.617176055908203,31.286351430104265,31.617176055908203,249
2013-04-26,31.286352157592773,31.664436422823368,31.286352157592773,31.286352157592773,54
2013-04-29,31.286352157592773,31.286352157592773,31.286352157592773,31.286352157592773,0
2013-04-30,32.987728118896484,32.987728118896484,32.987728118896484,32.987728118896484,600
2013-05-02,34.50005340576172,34.50005340576172,33.082242991826305,34.50005340576172,50
2013-05-03,32.13703536987305,33.082242292516376,32.13703536987305,32.13703536987305,32
2013-05-06,32.70416259765625,32.70416259765625,32.70416259765625,32.70416259765625,1030
2013-05-07,32.420597076416016,33.034983025054935,32.420597076416016,32.420597076416016,413
2013-05-08,32.609642028808594,32.609642028808594,32.1370385211447,32.609642028808594,247
2013-05-09,33.08224868774414,33.08224868774414,32.60964513506208,33.08224868774414,744
2013-05-10,32.13703536987305,32.46785635052691,32.13703536987305,32.13703536987305,195
2013-05-13,32.13703536987305,32.13703536987305,32.13703536987305,32.13703536987305,0
2013-05-14,32.13703536987305,32.13703536987305,32.13703536987305,32.13703536987305,0
2013-05-15,31.286352157592773,31.286352157592773,31.286352157592773,31.286352157592773,47
2013-05-16,29.348678588867188,32.60964367778105,29.348678588867188,29.348678588867188,109
2013-05-17,31.286352157592773,31.286352157592773,28.450732788239023,31.286352157592773,2687
2013-05-20,30.246623992919922,31.00278887160721,30.246623992919922,30.246623992919922,296
2013-05-21,30.341142654418945,30.624707633323325,30.24662339856981,30.341142654418945,760
2013-05-22,30.341142654418945,30.341142654418945,30.341142654418945,30.341142654418945,0
2013-05-23,26.65484046936035,29.301419581381627,26.65484046936035,26.65484046936035,516
2013-05-24,28.828813552856445,28.828813552856445,25.520589046790953,28.828813552856445,125
2013-05-27,30.246623992919922,30.246623992919922,29.301416993141174,30.246623992919922,656
2013-05-28,29.301420211791992,31.00279227714735,28.403472742230317,29.301420211791992,580
2013-05-29,29.301420211791992,29.301420211791992,28.876076294033414,29.301420211791992,340
2013-05-30,29.77402114868164,29.77402114868164,29.77402114868164,29.77402114868164,250
2013-05-31,31.947998046875,32.79868584687462,31.1918331166969,31.947998046875,4866
2013-06-03,33.602108001708984,33.602108001708984,33.082244874811934,33.602108001708984,2350
2013-06-04,33.93293380737305,34.972660097737005,33.93293380737305,33.93293380737305,4156
2013-06-05,33.55485153198242,34.59457788365962,33.55485153198242,33.55485153198242,254
2013-06-06,35.06718063354492,35.63430703537511,35.06718063354492,35.16170350335602,100
2013-06-07,36.48499298095703,36.48499298095703,35.87061052324787,35.39800696854284,200
2013-06-10,38.13909912109375,38.13909912109375,36.957590429539685,38.13909912109375,2409
2013-06-11,37.80828094482422,37.80828094482422,36.863073921203615,37.80828094482422,1412
2013-06-12,37.80828094482422,37.80828094482422,37.146635307154064,37.80828094482422,366
2013-06-13,38.04458236694336,39.226091136103086,37.99732273731269,38.04458236694336,1102
2013-06-14,37.9973258972168,38.04458553077763,37.33568021032836,37.9973258972168,1657
2013-06-17,37.761024475097656,38.09184551878069,34.216497839869696,37.761024475097656,575
2013-06-18,37.80828094482422,38.04458270072937,37.80828094482422,37.80828094482422,2830
2013-06-19,38.04458236694336,38.280884120775305,37.85554024274208,38.04458236694336,1747
2013-06-20,37.80828094482422,37.80828094482422,37.80828094482422,37.80828094482422,1000
2013-06-21,37.80828094482422,38.51718621253968,37.052116047063464,37.80828094482422,860
2013-06-24,36.863075256347656,37.80828231420272,36.863075256347656,36.863075256347656,3900
2013-06-25,37.524715423583984,37.524715423583984,37.19389083836703,37.524715423583984,3614
2013-06-26,36.863075256347656,37.52472091798196,36.43773135917712,36.863075256347656,2476
2013-06-27,37.33567810058594,37.33567810058594,35.91786753980419,37.33567810058594,1140
2013-06-28,37.0993766784668,37.0993766784668,36.863074916183564,37.0993766784668,610
2013-07-01,37.33567810058594,37.33567810058594,36.059650038153855,37.33567810058594,2437
2013-07-02,37.619239807128906,37.619239807128906,37.24115915115661,37.619239807128906,565
2013-07-03,35.965126037597656,37.38293655371067,34.97265939745427,35.965126037597656,380
2013-07-04,36.863075256347656,36.863075256347656,36.863075256347656,36.863075256347656,1331
2013-07-05,35.91786575317383,35.91786575317383,35.91786575317383,35.91786575317383,7
2013-07-08,37.33567810058594,37.33567810058594,36.86307458032536,37.33567810058594,1501
2013-07-09,37.7137565612793,37.80827580852935,37.7137565612793,37.7137565612793,1400
2013-07-10,37.33567810058594,37.80828162084652,37.33567810058594,37.33567810058594,1100
2013-07-11,37.19389724731445,37.33567975193512,36.626774440189514,37.19389724731445,3900
2013-07-12,37.24115753173828,37.33567679020153,37.24115753173828,37.24115753173828,3000
2013-07-15,37.33567810058594,37.33567810058594,36.91033421121567,37.33567810058594,403
2013-07-16,35.91786575317383,35.91786575317383,35.91786575317383,35.91786575317383,25
2013-07-17,37.47745895385742,37.47745895385742,37.47745895385742,37.47745895385742,1000
2013-07-18,37.524715423583984,37.524715423583984,36.91032948366554,37.524715423583984,1280
2013-07-19,37.57197952270508,37.57197952270508,37.33567776470064,37.57197952270508,3000
2013-07-22,36.95759582519531,37.382939737388895,36.86307655834292,36.95759582519531,1534
2013-07-23,37.288414001464844,37.43019287714658,37.288414001464844,37.288414001464844,2131
2013-07-24,37.19389724731445,37.19389724731445,37.19389724731445,37.19389724731445,1300
2013-07-25,37.24115753173828,37.24115753173828,37.14663466759644,37.24115753173828,1404
2013-07-26,37.146636962890625,37.146636962890625,37.146636962890625,37.146636962890625,1436
2013-07-29,36.863075256347656,37.33567878527519,36.863075256347656,36.863075256347656,1500
2013-07-30,37.146636962890625,37.43019836148026,37.09937733073882,37.146636962890625,3450
2013-07-31,37.288414001464844,37.43019287714658,37.193891145332074,37.288414001464844,1712
2013-08-01,36.863075256347656,36.863075256347656,36.863075256347656,36.863075256347656,2600
2013-08-02,36.863075256347656,36.863075256347656,36.20142959471335,36.863075256347656,4540
2013-08-05,35.91786575317383,35.91786575317383,35.91786575317383,35.91786575317383,156
2013-08-06,35.06718063354492,36.86307549748898,35.06718063354492,35.06718063354492,2298
2013-08-07,36.57950973510742,36.57950973510742,36.39046762371866,36.57950973510742,2499
2013-08-08,36.57950973510742,36.57950973510742,36.39046762371866,36.57950973510742,5300
2013-08-12,36.863075256347656,36.863075256347656,36.863075256347656,36.863075256347656,2900
2013-08-13,37.80828094482422,37.85554057486952,37.24115817292331,37.80828094482422,4460
2013-08-14,37.24115753173828,37.80828029387497,37.14663466759644,37.24115753173828,2225
2013-08-16,37.33567810058594,37.382937731476254,37.33567810058594,37.33567810058594,5311
2013-08-19,36.95759582519531,36.95759582519531,36.39047301272314,36.95759582519531,301
2013-08-20,33.17676544189453,35.96512691255419,33.17676544189453,33.17676544189453,101
2013-08-21,36.39046859741211,36.39046859741211,36.39046859741211,36.39046859741211,90
2013-08-22,36.910335540771484,36.910335540771484,36.01238809879546,36.910335540771484,2117
2013-08-23,36.95759582519531,37.09937833115281,36.95759582519531,36.95759582519531,2485
2013-08-26,37.33567810058594,37.85554125173684,37.33567810058594,37.33567810058594,2270
2013-08-27,38.186363220214844,38.186363220214844,37.85553861566222,38.186363220214844,2680
2013-08-28,38.09184265136719,38.28088477881808,38.09184265136719,38.09184265136719,4105
2013-08-29,38.2808837890625,38.2808837890625,37.80828028549383,38.2808837890625,3280
2013-08-30,38.2808837890625,38.32814341828365,37.950062778835864,38.2808837890625,2970
2013-09-02,38.422664642333984,38.80074526564341,38.422664642333984,38.422664642333984,3250
2013-09-03,39.037052154541016,39.037052154541016,38.89527325423525,39.037052154541016,800
2013-09-04,39.08430862426758,39.273350748385354,38.84800687054001,39.08430862426758,2863
2013-09-05,39.320613861083984,39.74595777660703,39.22609459349172,39.320613861083984,567
2013-09-06,39.69869613647461,39.69869613647461,39.69869613647461,39.69869613647461,1
2013-09-10,41.589111328125,42.0617148659446,40.407602483576,41.589111328125,5711
2013-09-11,41.589111328125,41.589111328125,40.6439042524858,41.589111328125,704
2013-09-12,41.40007019042969,41.40007019042969,40.64390523281542,41.40007019042969,2025
2013-09-13,41.589111328125,41.589111328125,41.49459206283262,41.589111328125,5130
2013-09-16,37.47745895385742,44.37746932564927,37.47745895385742,37.47745895385742,51
2013-09-17,42.53431701660156,42.53431701660156,38.044583553738065,42.53431701660156,4631
2013-09-18,42.7706184387207,43.38500445525005,42.7706184387207,42.7706184387207,2888
2013-09-19,42.52897644042969,43.495544086803086,41.56240879405628,42.52897644042969,1595
2013-09-20,43.01226043701172,43.01226043701172,43.01226043701172,43.01226043701172,2046
2013-09-23,44.46211242675781,44.46211242675781,44.17214286575504,44.46211242675781,11045
2013-09-24,44.46211242675781,44.46211242675781,43.97882859603219,44.46211242675781,1845
2013-09-25,43.06058883666992,44.46211269155368,43.06058883666992,43.06058883666992,576
2013-09-26,43.06058883666992,43.06058883666992,43.06058883666992,43.06058883666992,0
2013-09-27,44.84873962402344,44.84873962402344,43.978827279885806,44.84873962402344,831
2013-09-30,44.41378402709961,44.462111671919104,43.97882784939824,44.41378402709961,310
2013-10-01,46.34691619873047,46.34691619873047,45.42867626029203,46.34691619873047,177
2013-10-03,44.94539260864258,48.08673725333265,44.94539260864258,44.94539260864258,2485
2013-10-04,44.80040740966797,48.23172538723194,44.80040740966797,44.80040740966797,251
2013-10-07,44.80040740966797,44.80040740966797,44.80040740966797,44.80040740966797,0
2013-10-08,44.80040740966797,44.80040740966797,44.80040740966797,44.80040740966797,0
2013-10-09,49.439937591552734,49.439937591552734,44.462112636708234,49.439937591552734,18
2013-10-10,47.3134880065918,47.3134880065918,47.3134880065918,47.3134880065918,200
2013-10-11,48.57002258300781,48.57002258300781,47.12017116261952,48.57002258300781,333
2013-10-14,51.228084564208984,51.228084564208984,49.246621653403295,51.228084564208984,4945
2013-10-15,51.228084564208984,51.228084564208984,50.26151693092202,51.228084564208984,4951
2013-10-17,51.4697265625,52.1946522887324,51.22808465375587,51.4697265625,2607
2013-10-18,50.164859771728516,51.71136645245072,50.164859771728516,50.164859771728516,1726
2013-10-21,51.228084564208984,51.61471309238893,45.47700640871898,51.61471309238893,3587
2013-10-22,52.19464874267578,52.19464874267578,50.88978399897395,52.19464874267578,8655
2013-10-23,51.711368560791016,51.711368560791016,50.261517105815564,51.711368560791016,3165
2013-10-24,50.26151657104492,52.19465182377742,50.26151657104492,50.26151657104492,1225
2013-10-25,50.454830169677734,50.841455002837854,48.32838068222717,50.454830169677734,1432
2013-10-28,51.711368560791016,52.194652379116164,51.711368560791016,52.194652379116164,2415
2013-10-29,50.26151657104492,50.26151657104492,50.26151657104492,50.26151657104492,480
2013-10-30,50.26151657104492,50.98644229081961,49.778232757861794,50.26151657104492,1580
2013-10-31,51.228084564208984,51.71136838085246,50.26151693092202,51.228084564208984,6066
2013-11-01,52.19464874267578,52.19464874267578,51.22808117336697,52.19464874267578,9291
2013-11-05,54.127784729003906,55.09435231345041,52.5812780687546,55.09435231345041,8898
2013-11-06,56.06092071533203,56.10924835782649,56.06092071533203,56.06092071533203,3792
2013-11-07,56.06092071533203,56.06092071533203,55.09435311679182,56.06092071533203,2236
2013-11-08,55.09435272216797,55.57763651797646,53.161217538934004,55.09435272216797,1314
2013-11-11,56.06092071533203,56.06092071533203,50.261515124090785,56.06092071533203,125
2013-11-12,56.06092071533203,56.06092071533203,56.06092071533203,56.06092071533203,500
2013-11-13,52.58127975463867,56.0125940520075,52.58127975463867,52.58127975463867,1650
2013-11-14,51.95301055908203,54.127787745276166,51.95301055908203,54.127787745276166,1157
2013-11-18,53.161216735839844,53.161216735839844,53.161216735839844,53.161216735839844,365
2013-11-19,52.91957473754883,52.91957473754883,44.94539224284969,52.91957473754883,362
2013-11-20,52.19464874267578,52.19464874267578,52.19464874267578,52.19464874267578,77
2013-11-21,48.42503356933594,52.194648550635804,48.42503356933594,48.42503356933594,401
2013-11-22,56.01259231567383,56.01259231567383,51.27640967198419,56.01259231567383,1100
2013-11-25,52.67793273925781,55.38432120677797,52.67793273925781,52.67793273925781,3151
2013-11-26,51.228084564208984,51.276412208440746,50.26151693092202,51.228084564208984,369
2013-11-27,51.228084564208984,51.228084564208984,51.228084564208984,51.228084564208984,0
2013-11-28,52.19464874267578,52.19464874267578,52.19464874267578,52.19464874267578,400
2013-11-29,53.06456756591797,53.06456756591797,53.06456756591797,53.06456756591797,300
2013-12-02,52.96790313720703,52.96790313720703,48.90831852617072,52.96790313720703,785
2013-12-03,54.127784729003906,54.127784729003906,54.127784729003906,54.127784729003906,400
2013-12-04,53.161216735839844,53.161216735839844,51.32473686464575,53.161216735839844,922
2013-12-05,53.161216735839844,53.64450052434748,50.744797793301665,53.161216735839844,1353
2013-12-06,53.161216735839844,53.161216735839844,52.24297680024279,53.161216735839844,876
2013-12-09,53.644500732421875,54.127784522804056,53.161216942039694,53.644500732421875,2372
2013-12-10,53.20954513549805,54.127785084180076,53.20954513549805,53.20954513549805,446
2013-12-11,53.161216735839844,53.161216735839844,50.26151400479403,53.161216735839844,210
2013-12-12,53.25787353515625,54.127785854105205,52.194650645030016,53.25787353515625,690
2013-12-13,50.35817337036133,53.16122104582455,50.35817337036133,50.35817337036133,507
2013-12-16,50.793128967285156,50.793128967285156,50.793128967285156,50.793128967285156,30
2013-12-17,52.242977142333984,52.677933292271526,51.71136570892709,52.242977142333984,222
2013-12-18,52.91957473754883,52.91957473754883,51.856351879787354,52.91957473754883,585
2013-12-19,52.4362907409668,52.4362907409668,52.001334596466336,52.4362907409668,205
2013-12-20,56.83417510986328,59.9271922199378,56.83417510986328,56.83417510986328,310
2013-12-23,53.98280334472656,54.65940145680044,53.1612222932417,53.98280334472656,637
2013-12-24,54.36942672729492,54.36942672729492,53.64450103759766,54.36942672729492,1801
2013-12-26,53.40285873413086,54.127784418304586,52.24297690202037,53.40285873413086,692
2013-12-27,52.339637756347656,53.40286065654496,52.339637756347656,52.339637756347656,72
2013-12-30,53.644500732421875,54.127784522804056,53.644500732421875,53.644500732421875,329
2013-12-31,53.161216735839844,53.161216735839844,51.663037728898715,53.161216735839844,227
2014-01-01,54.707725524902344,54.707725524902344,54.17611407417463,54.707725524902344,2271
2014-01-02,53.161216735839844,53.161216735839844,53.161216735839844,53.161216735839844,243
2014-01-03,54.07946014404297,54.12778778856446,53.16122014948295,54.07946014404297,2950
2014-01-06,52.82292556762695,52.82292556762695,51.46972933100752,52.82292556762695,154
2014-01-07,54.127784729003906,54.127784729003906,53.16121714455741,54.127784729003906,276
2014-01-08,55.09435272216797,55.09435272216797,55.09435272216797,55.28766697792391,70
2014-01-09,57.994056701660156,57.994056701660156,54.22444154118711,57.994056701660156,1400
2014-01-10,57.027488708496094,57.027488708496094,56.06092110326735,57.027488708496094,818
2014-01-13,55.577640533447266,55.964269072892975,48.3767107182028,53.161221379819125,2664
2014-01-14,57.027488708496094,57.027488708496094,47.845096458822994,47.845096458822994,2452
2014-01-15,55.819278717041016,56.060920616248985,49.29494743842584,49.29494743842584,562
2014-01-16,55.09435272216797,56.06092031378495,48.76333573450929,48.76333573450929,1716
2014-01-17,54.17611312866211,56.06092068213185,49.4399341109176,49.4399341109176,1071
2014-01-20,53.45118713378906,54.127785186047205,44.510436902165196,44.510436902165196,8449
2014-01-21,55.28766632080078,55.57763585740688,52.726260758594336,53.16121690708485,505
2014-01-22,54.99769973754883,57.02749028995319,46.10527678541168,46.10527678541168,1111
2014-01-23,54.127784729003906,54.127784729003906,53.64450093678066,53.64450093678066,376
2014-01-24,53.98280334472656,55.09435764935958,53.1612222932417,55.09435764935958,1015
2014-01-27,53.161216735839844,53.161216735839844,52.194649158824575,52.194649158824575,729
2014-01-28,53.934471130371094,55.77095103801088,51.22808259845149,51.22808259845149,1546
2014-01-29,53.25787353515625,53.25787353515625,52.96790399122753,52.96790399122753,1808
2014-01-30,53.161216735839844,53.161216735839844,52.33963577024194,52.532946335914836,3252
2014-01-31,52.4362907409668,53.35453067109829,50.26151370562716,50.26151370562716,828
2014-02-03,52.484619140625,53.98279816030091,52.43629149879598,52.43629149879598,505
2014-02-04,52.19464874267578,52.19464874267578,51.22808117336697,51.27640881439988,1502
2014-02-05,52.339637756347656,52.43629304285184,52.19465113942856,52.29130642593273,432
2014-02-06,53.161216735839844,54.80438235419834,52.0496625474072,52.0496625474072,646
2014-02-07,53.644500732421875,54.61106831318623,51.90467982447857,51.90467982447857,1057
2014-02-10,53.161216735839844,56.544203255393285,50.79312543471989,50.841453076138116,468
2014-02-11,53.20954513549805,54.707724163788335,51.03476805622295,51.08309569832985,3334
2014-02-12,53.161216735839844,54.17611195427334,52.822919558749575,54.17611195427334,677
2014-02-13,52.29130554199219,55.52930920542612,51.22808265976778,51.22808265976778,7276
2014-02-14,53.45118713378906,54.80438323830534,48.37670727259714,50.26151481561526,5704
2014-02-17,52.4362907409668,56.254233384884465,51.85635167307463,55.09435156193746,3598
2014-02-18,53.016231536865234,53.88614385422,50.26151534384646,50.26151534384646,24145
2014-02-19,54.127784729003906,54.17611237079369,53.16121714455741,53.16121714455741,13463
2014-02-20,57.027488708496094,57.075816351324974,50.793126917338114,50.793126917338114,15941
2014-02-21,57.027488708496094,59.153938177431904,57.027488708496094,59.153938177431904,4978
2014-02-24,57.1241455078125,57.65576065450513,57.0274902195936,57.0274902195936,9202
2014-02-25,57.027488708496094,60.94208677223996,56.97916106566722,60.94208677223996,11669
2014-02-26,56.49587631225586,57.80074108248934,56.30256205703093,56.30256205703093,6027
2014-02-28,56.25423812866211,57.994059166216,54.12778855513493,54.12778855513493,2466
2014-03-03,56.54420471191406,56.54420471191406,55.23933992419654,55.23933992419654,733
2014-03-04,56.25423812866211,59.87886682655061,54.12778855513493,54.12778855513493,2617
2014-03-05,54.80438232421875,56.060919436218704,54.127784283245646,55.09435185973217,829
2014-03-06,54.321102142333984,55.094355517426685,53.161220236113465,54.17611552137032,856
2014-03-07,53.83781814575195,54.85271342768625,52.53294962283964,52.871250508259685,13122
2014-03-10,53.74116134643555,57.94573295212653,52.629610730594976,53.06456692251653,1674
2014-03-11,53.78948974609375,53.78948974609375,53.74115841516738,53.74115841516738,847
2014-03-12,52.29130554199219,54.65939689294231,51.22808265976778,51.22808265976778,2968
2014-03-13,51.27641296386719,53.886146349622294,51.22808531892344,51.22808531892344,5300
2014-03-14,51.228084564208984,53.11289218655114,49.29494929763506,49.29494929763506,1357
2014-03-18,51.324737548828125,52.6779336495533,51.324737548828125,52.24297749666573,474
2014-03-19,51.13142776489258,53.112890617149176,50.889785863710976,53.112890617149176,1855
2014-03-20,52.484619140625,52.91957529141161,50.164859148367604,50.164859148367604,4581
2014-03-21,52.242977142333984,54.079457025553495,51.9530076047632,52.194649500599304,160
2014-03-24,53.69282913208008,54.90103862509341,50.26151490935476,50.26151490935476,2202
2014-03-25,52.19464874267578,53.64450009663899,51.80802024008719,51.85635156828276,610
2014-03-26,52.242977142333984,53.74115615908531,51.75969335066177,53.74115615908531,8996
2014-03-27,53.016231536865234,53.98279913963152,51.32473823202425,51.32473823202425,1469
2014-03-28,52.82292556762695,53.83782090150997,52.629611292800874,53.16122278320025,2567
2014-03-31,53.161216735839844,53.64450052434748,51.75969301173516,53.161216735839844,4719
2014-04-01,52.484619140625,53.16121718771942,52.19464960248816,52.24297724431718,5542
2014-04-02,53.98280334472656,54.127789971300636,52.43629653469749,52.677938454212224,2294
2014-04-03,53.45118713378906,54.127785186047205,53.45118713378906,54.127785186047205,1359
2014-04-04,55.6259651184082,56.060921279561505,52.91957655268952,52.91957655268952,822
2014-04-07,55.28766632080078,57.027487227600105,55.09435206734248,56.882500615715706,2655
2014-04-09,58.04238510131836,59.73387844382984,54.61107077251337,54.61107077251337,4402
2014-04-10,57.0758171081543,58.090712369669504,56.6891922732338,58.090712369669504,3532
2014-04-11,57.26913070678711,58.960624018801916,56.0609211982051,56.0609211982051,5489
2014-04-15,57.994056701660156,60.555462347515274,51.37307003641909,51.37307003641909,735
2014-04-16,56.68919372558594,57.22080519169805,56.254237548889506,57.22080519169805,2058
2014-04-17,56.06092071533203,58.7189816113176,53.40285981934646,53.40285981934646,1233
2014-04-21,58.52566909790039,59.92719289497347,55.04602711434773,55.04602711434773,2677
2014-04-22,57.027488708496094,60.362147683967834,55.48098201499522,55.48098201499522,1883
2014-04-23,58.18737030029297,58.429012200470964,57.02748844200605,57.02748844200605,3276
2014-04-24,58.18737030029297,58.18737030029297,58.18737030029297,58.18737030029297,0
2014-04-25,57.1241455078125,58.67065592945515,56.592534048282765,56.640861692392214,2865
2014-04-28,57.65576171875,59.68555230611714,55.57763979921839,55.57763979921839,1942
2014-04-29,58.670654296875,59.92719144457053,57.752414335694986,59.878863801805856,3752
2014-04-30,57.220802307128906,58.960623239045226,56.640859538381626,56.640859538381626,2687
2014-05-02,57.220802307128906,57.897400360419354,56.35088999758936,56.93083276633664,2342
2014-05-05,58.429012298583984,58.76730948453612,57.31745808103361,57.31745808103361,2039
2014-05-06,57.365787506103516,58.13904456172727,56.930835021268784,56.930835021268784,1796
2014-05-07,58.33235549926758,58.33235549926758,58.33235549926758,58.33235549926758,50
2014-05-08,57.75241470336914,57.75241470336914,56.59253283381871,56.59253283381871,1587
2014-05-09,56.737518310546875,58.71898113401525,56.54420405497765,56.640859339180885,3799
2014-05-12,56.06092071533203,57.60742739813126,53.83781597612211,55.09435311679182,4396
2014-05-13,54.94936752319336,56.06092175703417,54.127786524033,54.804384593015975,2189
2014-05-14,55.14267349243164,56.06092082459257,53.354532280837894,53.49951520860383,4525
2014-05-15,55.14268112182617,56.012593441096776,54.659397319378684,54.659397319378684,1530
2014-05-16,55.046024322509766,55.09435196399301,53.644500596519514,54.127784385677344,3392
2014-05-19,60.893760681152344,62.730240652750666,53.789490076549725,53.789490076549725,5349
2014-05-20,62.10197067260742,66.064896509146,60.16883539875194,60.16883539875194,3609
2014-05-21,61.95698165893555,63.74513024331429,60.89375877425026,63.74513024331429,7632
2014-05-22,67.75638580322266,68.62629809906176,61.183727004407025,63.64847359306755,19968
2014-05-23,70.6077651977539,72.00928524952454,68.33632546827498,68.81960926189595,19372
2014-05-26,63.890113830566406,73.45913408793933,59.44390455800354,72.44423520673114,12668
2014-05-27,70.51110076904297,72.00928344137895,65.72659428206401,65.72659428206401,8523
2014-05-28,72.0576171875,73.74911047946642,67.65973167865708,69.59286686947586,5802
2014-05-29,61.32871627807617,68.28800388536901,60.89376011127733,68.28800388536901,17212
2014-05-30,58.96062469482422,63.74513145393623,58.38068559892059,60.893759930720094,10724
2014-06-02,58.04238510131836,61.86032795470541,57.41411835782611,58.28402700739143,5867
2014-06-03,58.04238510131836,58.57399655724654,56.399219402588926,58.47734126968246,1405
2014-06-04,69.44789123535156,69.64120920959328,56.59254092134534,56.59254092134534,50522
2014-06-05,66.78982543945312,73.94242777055506,66.16155497045898,73.94242777055506,27451
2014-06-06,68.72295379638672,71.52600126684436,68.14301472043955,68.6262985127831,5792
2014-06-09,71.28437042236328,71.5260123559984,67.75639671642507,69.10959301964711,11108
2014-06-10,68.77128601074219,69.5928669934385,66.49985363234924,69.49621170859051,6239
2014-06-11,69.06124877929688,72.00928276854455,68.62629632975387,71.23602577566231,4202
2014-06-12,68.57797241210938,69.44788477951377,65.72660076962798,67.94970933362521,4076
2014-06-13,66.25821685791016,68.6263047043145,64.4217368064506,66.98314261182897,5118
2014-06-16,64.61504364013672,65.24331406525991,63.600152068161414,64.80836158788846,7040
2014-06-17,65.00167083740234,66.49985356108012,63.793461342283344,63.793461342283344,6588
2014-06-18,63.213523864746094,65.72659820354595,61.95698300818331,63.40683443914388,9647
2014-06-19,67.03146362304688,68.96459888181867,60.99041593938502,60.99041593938502,17315
2014-06-20,69.44789123535156,71.52601336890815,66.69317462776571,66.69317462776571,18126
2014-06-23,69.06124877929688,70.55943143763426,66.69316122187348,66.69316122187348,2767
2014-06-24,70.84941864013672,71.28437117554496,68.28801264167554,68.28801264167554,6767
2014-06-25,78.6302719116211,81.4816507245401,73.70077868124858,73.70077868124858,248562
2014-06-26,76.40717315673828,79.9351390631674,76.3588418261054,79.25854468026131,33801
2014-06-27,75.53726196289062,78.24364690958716,73.94242389422838,76.35884297573911,13485
2014-06-30,78.43696594238281,79.01690505507784,76.02054682754863,76.84212785172707,26411
2014-07-01,78.53362274169922,80.22511615459736,77.8086969933143,80.17678482164128,12582
2014-07-02,77.08377075195312,78.77526415403361,74.08741248599006,76.79379750472322,12386
2014-07-03,75.58558654785156,79.83848564150651,74.7640055281778,79.79016168407033,22494
2014-07-04,77.22875213623047,78.29197501339918,75.19896166630375,77.18042080686237,11131
2014-07-07,76.84212493896484,79.35519924826713,75.4889288110865,76.35884113431727,24485
2014-07-08,73.89408874511719,79.01689988297935,71.6226564007162,78.96856855411586,19355
2014-07-09,68.48131561279297,73.4591404186594,66.74149829063076,73.4591404186594,16396
2014-07-10,70.02781677246094,71.28435755019447,67.65972920018459,67.7563844813198,24202
2014-07-11,66.69316864013672,69.25457441784776,66.2098848094111,68.14302013231361,15428
2014-07-14,67.5147476196289,68.57797053995263,65.24331515931782,65.24331515931782,3032
2014-07-15,67.61140441894531,69.59287105853682,67.17645192455984,67.65973575135524,8085
2014-07-16,68.43299102783203,70.4627815722326,67.75638926348132,68.2396730775922,11809
2014-07-17,71.57433319091797,72.00928565791341,69.78617724491878,70.36612370001338,14224
2014-07-18,71.23603057861328,72.00928762363087,69.83451048063532,70.55943619496716,17292
2014-07-21,71.33269500732422,73.8940933619641,70.99439043279362,72.20259998661466,13200
2014-07-22,72.58922576904297,73.07250957226472,71.91263139426275,72.00928668004198,7839
2014-07-23,73.1691665649414,75.29561977331862,72.97585598887338,73.70078171061715,13601
2014-07-24,73.41080474853516,75.2956159540602,72.10593999044885,75.2956159540602,3228
2014-07-25,72.49256896972656,74.42570414225261,72.05761650563839,72.92752143381475,22421
2014-07-28,72.1542739868164,73.16916555870525,71.13937504060189,71.13937504060189,2081
2014-07-30,71.76765441894531,72.395924922394,71.04272861673375,71.04272861673375,4693
2014-07-31,71.18770599365234,72.49257079306234,70.94606409100881,72.00928698777525,4140
2014-08-01,69.20623779296875,70.84940711638131,69.01292722519102,70.55943389038926,4778
2014-08-04,69.01293182373047,70.80108050496332,68.62630328808731,69.83451285301844,2679
2014-08-05,69.59286499023438,70.55943255954318,68.43298685679393,68.43298685679393,3075
2014-08-06,70.80108642578125,73.45914769091297,69.59287675981228,69.64120809618167,8452
2014-08-07,68.8679428100586,70.65609142920901,68.67463223611152,70.60776747288509,4851
2014-08-08,67.46642303466797,69.2062403314606,66.74149731742294,67.9013755152847,4081
2014-08-11,67.90137481689453,69.30289490608949,67.46642234075145,68.43298995380333,963
2014-08-12,58.6223258972168,65.62994093533798,56.30256220283572,65.62994093533798,36304
2014-08-13,57.027488708496094,60.70044487093278,56.54420490588172,60.603789585275024,10486
2014-08-14,56.592533111572266,58.67065495834792,55.819279757131156,56.20590827793313,5191
2014-08-18,56.01259231567383,57.510771335726595,55.432649552091554,57.0274875429894,4858
2014-08-19,59.29892349243164,61.13540349114138,56.01259571469177,56.06092335946562,7060
2014-08-20,58.23569869995117,60.74877301960675,56.54420537671608,58.380685316807885,4833
2014-08-21,56.592533111572266,59.5405635994081,56.25423592124267,58.47734069794693,10842
2014-08-22,56.592533111572266,57.607428369723905,56.06092166084168,56.9308339890647,2437
2014-08-25,58.33235549926758,61.1837307698185,56.49587919870946,56.49587919870946,17302
2014-08-26,57.800743103027344,59.4439087991352,56.30256402519716,57.22080400424239,2191
2014-08-27,56.64086151123047,58.91229764873852,56.5925338672756,57.269131944132525,3416
2014-08-28,59.49223709106445,60.36214943588327,56.54420654698743,56.64086183545045,7381
2014-09-01,58.96062469482422,59.443908503798184,58.13904369443361,58.13904369443361,1306
2014-09-02,61.61868667602539,63.551821944292854,58.96062568215763,58.96062568215763,12974
2014-09-03,61.2803840637207,62.77855933964179,60.94208320937111,62.29527556528173,4527
2014-09-04,61.18373107910156,61.37704534518039,59.97552152506258,60.12050814641244,5236
2014-09-05,61.13540267944336,61.76367311465063,60.55546357553119,60.55546357553119,2866
2014-09-08,60.79710006713867,61.377039119385955,59.637218275481544,60.07217440824829,8033
2014-09-09,64.61504364013672,65.19498273474056,59.637222631159034,62.39194254843438,14481
2014-09-10,63.455162048339844,65.48495245777482,62.92354693843591,65.48495245777482,8222
2014-09-11,67.5147476196289,68.62630187128245,63.793463711332976,65.62994368697893,11331
2014-09-12,65.4366226196289,67.65973101706257,64.51838636269895,65.968237741636,4425
2014-09-15,66.59651184082031,68.04636330016622,64.80836318249222,64.80836318249222,8207
2014-09-16,62.92354965209961,67.32143520747792,62.24695527788399,65.72659718331185,7684
2014-09-17,62.05363845825195,65.62994308860338,61.03874687851124,61.03874687851124,3188
2014-09-18,64.16464233398438,64.80285375553598,59.54989665385704,64.5082923329712,3468
2014-09-19,63.820987701416016,66.717475685308,62.29910335917532,66.717475685308,2700
2014-09-22,65.78471374511719,66.76657514429805,63.0354988310076,63.0354988310076,26909
2014-09-23,63.91917419433594,65.78471231029205,63.91917419433594,64.9501316373929,1315
2014-09-24,63.673709869384766,68.14118220615059,63.231875238719105,68.09208614007309,5373
2014-09-25,60.53175735473633,64.75375691825151,59.40261523633983,61.90636107984508,6755
2014-09-26,60.67903518676758,61.36633893190574,58.273473951536054,58.273473951536054,3069
2014-09-29,60.92449951171875,62.642756972741054,60.3844764873554,61.85726859680309,1983
2014-09-30,60.87540817260742,62.348200305815666,59.74626603894614,62.29910798380954,4938
2014-10-01,59.549896240234375,60.72812694029345,59.157150176545315,59.549896240234375,1936
2014-10-07,59.8935432434082,61.808173653568744,57.340705193530056,61.808173653568744,879
2014-10-08,58.96077346801758,60.384473178231104,58.91168114949376,58.91168114949376,1387
2014-10-09,63.91917419433594,64.8028509325265,60.6299400770229,61.16996308569317,13090
2014-10-10,60.38447189331055,63.820986553905456,60.18809887789009,62.642752206886456,9066
2014-10-13,61.07177734375,62.49547706491253,59.942635281499484,62.49547706491253,1076
2014-10-14,60.38447189331055,60.87540255910982,59.35351824423282,59.64807589461164,2153
2014-10-15,60.38447189331055,60.38447189331055,60.38447189331055,60.38447189331055,0
2014-10-16,59.00986862182617,60.62994142947945,58.568033988378915,59.59898770892918,3079
2014-10-17,59.25533676147461,60.18810588417432,58.42075603066675,58.813502107225844,664
2014-10-20,58.469844818115234,59.893544577668806,58.420752497890064,59.0589638973291,1675
2014-10-21,57.9298210144043,60.82631281422529,57.78254031023392,57.9298210144043,2429
2014-10-22,59.058963775634766,60.48265978675079,59.009867710006816,60.48265978675079,878
2014-10-27,58.91168212890625,61.70998553182775,57.88072844075117,58.175286102294926,1676
2014-10-28,58.96077346801758,60.826311535953074,57.978912115526015,60.826311535953074,2214
2014-10-29,58.91168212890625,59.84445117838138,58.4207514444987,59.64807815551758,679
2014-10-30,58.96077346801758,61.071776874075965,58.126192816601275,58.469842791771796,2560
2014-10-31,61.46451950073242,62.250011583383845,59.15714680807941,59.15714680807941,9418
2014-11-03,62.39728927612305,64.70466574150997,60.0408242368709,60.33538189858943,9695
2014-11-05,62.59366226196289,63.91917361166173,61.366335550944015,61.513616254467834,4690
2014-11-07,62.88822555541992,63.330060188236985,61.85726809083612,61.85726809083612,2078
2014-11-10,61.02268600463867,63.23187410020559,60.973589939445176,62.839128051681016,3153
2014-11-11,62.10273361206055,62.8882257292487,60.8263145398858,60.875406860834055,6455
2014-11-12,64.16464233398438,64.21373840141456,62.20091949290753,63.52643091243277,21928
2014-11-13,61.268150329589844,63.91917300377569,60.875404287597355,62.83912700655211,5169
2014-11-14,60.38447189331055,62.59365988940728,60.13900656041091,62.59365988940728,1924
2014-11-17,59.25533676147461,59.89354819950709,56.60431385396534,58.42075603066675,11542
2014-11-18,59.108055114746094,59.893543460205386,58.02800536242367,58.02800536242367,3836
2014-11-19,58.764400482177734,60.62993855118495,58.02800446738601,60.62993855118495,3570
2014-11-20,59.15714645385742,59.54989249283144,59.15714645385742,59.500796428831826,5230
2014-11-21,61.120872497558594,65.49015275600094,58.76440362595714,59.893545740579505,9384
2014-11-24,59.15714645385742,60.82631150124129,59.05896181686582,59.40261179184023,2290
2014-11-25,58.66621780395508,59.05896385649276,57.14433340500348,58.91168315041514,23591
2014-11-26,59.108055114746094,60.67903180566468,57.24251701696437,57.24251701696437,10400
2014-11-27,62.10273361206055,63.42824500518356,59.89354545985286,59.89354545985286,19717
2014-11-28,61.70998764038086,63.08459510189218,59.45170716404428,61.02268765512921,16761
2014-12-01,60.139007568359375,62.69184557510046,59.69716921263393,60.139007568359375,21828
2014-12-02,61.07177734375,61.857265682683305,59.451704601478184,59.451704601478184,13110
2014-12-03,62.446380615234375,63.820988009014684,61.80817298244653,63.820988009014684,11667
2014-12-04,60.433570861816406,63.084597497992405,60.23719782478408,62.79003981519599,16365
2014-12-05,59.35352325439453,62.250015176210255,59.058965579151455,60.67903466574042,14095
2014-12-08,58.91168212890625,61.022685570060275,56.30974800334467,59.598985836177604,23417
2014-12-09,58.86259078979492,60.87540588028417,57.978914044944055,58.91168310995242,30249
2014-12-10,59.35352325439453,62.790038205073245,58.91168486877789,58.91168486877789,32781
2014-12-11,59.5989875793457,60.875406647037636,57.684357105055824,60.875406647037636,21990
2014-12-12,58.175289154052734,60.679035026771906,57.43889308881156,59.89354663961547,11196
2014-12-15,57.78253936767578,59.89354278366213,57.04614334984387,58.91168142655291,12070
2014-12-16,56.162471771240234,58.42075219960309,56.064283385787284,57.24251779269519,13057
2014-12-17,55.96609878540039,59.30442898308198,55.72063343985039,56.9479601676004,4673
2014-12-18,57.14433670043945,59.795363344190015,55.52426382217406,55.52426382217406,6558
2014-12-19,57.831634521484375,60.77721854643936,57.34070385065854,60.77721854643936,16045
2014-12-22,57.48798370361328,58.32256813340596,57.1443337149071,57.19342603536456,1159
2014-12-23,56.35884475708008,58.666217503797746,55.47516801614348,57.389798457836825,3991
2014-12-24,55.96609878540039,56.457029476500395,55.67154111984117,55.72063343985039,637
2014-12-26,56.84977340698242,57.242515697910065,55.524258343154166,55.57335066133215,2918
2014-12-29,56.45703125,57.193427309782614,56.45703125,56.94796195652174,2971
2014-12-30,56.015193939208984,56.84977840360283,55.966101616716195,56.16247465219146,870
2014-12-31,56.309749603271484,56.35884566951031,55.96609961262364,55.96609961262364,759
2015-01-01,56.260658264160156,59.304430894378974,56.06428523229055,59.304430894378974,442
2015-01-02,57.684356689453125,58.66621807991191,56.94796064660905,56.94796064660905,1650
2015-01-05,57.34070587158203,57.38979819129407,56.9970521425899,57.38979819129407,980
2015-01-06,56.113380432128906,56.997053443628516,55.131519033460016,56.997053443628516,1224
2015-01-07,55.867916107177734,60.58085015813114,55.27879700986852,60.58085015813114,1139
2015-01-08,56.45703125,58.86259246105733,55.475169836956525,55.96610054347826,1937
2015-01-09,56.70249557495117,57.38979930071804,55.47516883090461,55.96609952852323,15106
2015-01-12,55.96609878540039,62.83912846080044,55.57335273431882,60.777221056382,1771
2015-01-13,56.113380432128906,62.10273346580757,55.7697266952924,62.10273346580757,1638
2015-01-14,56.407936096191406,56.751586075300246,56.01519005249227,56.113378436168986,447
2015-01-15,55.524261474609375,56.70249590484991,55.08242309508117,55.966099854137575,1474
2015-01-16,55.524261474609375,57.43889195556225,54.98423845318779,57.43889195556225,650
2015-01-19,55.47516632080078,55.6224470216239,54.10055893146437,54.10055893146437,1995
2015-01-20,55.96609878540039,56.9479601676004,55.5242604143096,56.9479601676004,5494
2015-01-21,55.033329010009766,55.917005740739405,54.984236690636756,55.13151739425966,1882
2015-01-22,54.98423767089844,55.72063371113368,54.59149161790472,54.78786464440158,14570
2015-01-23,54.68968200683594,55.76972807386785,54.14965897331998,54.640589684789774,3544
2015-01-27,54.10055923461914,54.83695525185354,54.00237459718942,54.00237459718942,593
2015-01-28,53.36416244506836,55.47516582879021,52.922327837525266,54.10055845164522,9074
2015-01-29,53.51144790649414,54.4933093359711,51.10588665517478,54.4933093359711,2092
2015-01-30,53.06960678100586,53.904191200382044,51.98956076240599,52.23502610713359,3378
2015-02-02,53.2659797668457,54.78786415394051,52.08774536391607,54.49330648958408,1270
2015-02-03,52.873233795166016,54.247841224857176,51.8422800956496,51.8422800956496,1531
2015-02-04,53.658729553222656,59.40261751745233,52.136841314636655,52.92233346829556,4649
2015-02-05,52.28411865234375,53.806003047114004,52.13683794667079,52.28411865234375,2010
2015-02-06,52.03865432739258,52.82414270021468,51.69500433475291,51.79318897679167,1532
2015-02-09,51.15497589111328,52.72595633079381,50.71314127091002,51.695002641146395,839
2015-02-10,51.793190002441406,52.03865535790322,49.387628769814874,49.68218644726823,508
2015-02-11,52.431400299072266,54.002377042095254,52.136838882439456,53.02051564132989,1770
2015-02-12,52.18593215942383,53.51144348140387,52.136836095606654,53.069605125575926,1609
2015-02-13,51.64590835571289,52.1368390577463,50.36948927952683,52.08774673664376,1517
2015-02-16,51.64590835571289,54.44421560460572,51.105885332576946,54.44421560460572,1537
2015-02-18,52.03865432739258,53.02051572979621,50.07493152258531,52.92233108775745,1963
2015-02-19,52.03865432739258,62.446383694669485,51.40044291762861,54.00237713219984,2528
2015-02-20,52.578678131103516,53.0205165178531,52.08774742260488,53.0205165178531,1381
2015-02-23,54.10055923461914,54.68967829570896,52.08774420327921,53.02051324087689,2185
2015-02-24,52.38230514526367,54.00237798295392,51.645909081859756,54.00237798295392,1545
2015-02-25,52.03865432739258,52.72595805817592,51.25316595457047,51.64590826822952,1059
2015-02-26,51.940467834472656,52.03865247301264,51.15497574413729,52.03865247301264,188
2015-02-27,52.136837005615234,52.136837005615234,51.10588332102471,51.10588332102471,2826
2015-03-02,51.54772186279297,51.54772186279297,51.54772186279297,51.54772186279297,10
2015-03-03,52.873233795166016,52.873233795166016,50.369488026196464,50.418580346077455,2610
2015-03-04,52.627769470214844,53.90419228488187,51.744096458719206,51.744096458719206,4178
2015-03-05,51.74409484863281,54.49330593024722,51.59681414521438,54.49330593024722,2572
2015-03-09,50.271305084228516,51.74409720342171,49.14216296131212,51.74409720342171,42586
2015-03-10,50.271305084228516,51.05679346536408,49.78037437783078,51.05679346536408,1550
2015-03-11,49.829463958740234,50.95860601955362,49.191252577323304,50.07492929843846,1571
2015-03-12,50.51676940917969,50.5658617297194,49.58400033690931,49.78037336457213,6217
2015-03-13,48.258487701416016,49.97674509420595,47.52209167593462,49.58399904908099,13929
2015-03-16,46.54022979736328,48.11120646959759,46.343856776958035,48.11120646959759,8287
2015-03-17,47.03116226196289,48.553046673276086,46.34385853719126,48.06211597636835,2648
2015-03-18,46.04930114746094,47.91483555972342,45.90202043929369,46.63841648912194,872
2015-03-19,46.49113464355469,46.736599987492156,46.39295000418126,46.63841534811873,1153
2015-03-20,44.03647994995117,45.80383337236702,43.69282997642797,45.65655267199777,5612
2015-03-23,43.791015625,44.674692356629386,43.692830986154014,43.692830986154014,23707
2015-03-24,45.16562271118164,46.63841475611147,42.710969302965246,43.201899984608524,1169
2015-03-25,42.71097183227539,45.85292912995738,42.71097183227539,43.93829860906491,741
2015-03-26,41.630924224853516,43.20190094275201,41.483643518892556,43.20190094275201,1015
2015-03-27,43.152809143066406,43.20190146381085,40.747247971548866,41.43455169848302,1320
2015-03-30,42.71097183227539,42.76006415424615,40.64906434547062,40.64906434547062,931
2015-03-31,43.201904296875,44.18376575816762,43.201904296875,44.18376575816762,5192
2015-04-01,44.085575103759766,47.52208975007277,42.956433078912575,43.05461771346289,1608
2015-04-06,44.18376159667969,45.7547382885823,43.39827325072838,43.39827325072838,1061
2015-04-07,45.16562271118164,45.16562271118164,44.281945986022194,44.281945986022194,200
2015-04-08,54.19874954223633,54.19874954223633,45.65655468986961,45.65655468986961,23501
2015-04-09,54.34602737426758,55.867915551381316,53.511446676595675,54.836958077722585,12066
2015-04-10,55.22970199584961,55.81881731893712,53.56053691976316,54.247840627034506,5294
2015-04-13,54.88605499267578,54.98423963668251,53.658728215071264,54.2478435701198,2296
2015-04-15,54.738773345947266,56.849776865562085,54.002377291965914,55.86791546025361,3182
2015-04-16,53.41325759887695,54.002372895903505,52.82413855634669,54.002372895903505,2148
2015-04-17,52.431400299072266,53.02051564132989,51.5968158611193,53.02051564132989,1845
2015-04-20,53.02051544189453,54.002376838966654,50.46767730770861,51.302257997018316,4759
2015-04-21,53.02051544189453,53.51144614043059,51.1549772892559,53.51144614043059,1766
2015-04-22,52.087745666503906,52.087745666503906,51.204072668301194,52.038653346409966,32
2015-04-23,52.72595977783203,58.91168606562146,52.33321370585957,53.02051745905931,1385
2015-04-24,52.52958679199219,53.02051750967436,52.03865607431002,53.02051750967436,1207
2015-04-27,51.05678939819336,52.038650732774,50.36948571488616,52.038650732774,2802
2015-04-28,52.77505111694336,54.002377887104835,51.105885960422945,51.105885960422945,1118
2015-04-29,52.9714241027832,53.020516424445766,51.30225894772762,53.020516424445766,1144
2015-04-30,52.38230514526367,53.65872798490038,52.28412050167811,52.627770499731646,4933
2015-05-04,53.56053924560547,54.98423904131167,52.529585512681685,52.529585512681685,8103
2015-05-05,52.67686462402344,53.95328367107491,52.52958391857353,53.02051460940132,4841
2015-05-06,51.793190002441406,52.03865535790322,51.74409768044986,52.03865535790322,1274
2015-05-07,51.695003509521484,51.695003509521484,51.49863048307475,51.54772280331045,6655
2015-05-08,51.940467834472656,52.03865247301264,50.07492973818197,51.69500249261882,7125
2015-05-11,51.35135269165039,51.35135269165039,51.35135269165039,51.35135269165039,257
2015-05-12,50.81132507324219,51.05679041176027,50.56585973472411,51.05679041176027,7460
2015-05-13,53.02051544189453,54.88605359453315,51.05679264775029,51.05679264775029,5264
2015-05-14,51.05678939819336,52.038650732774,51.05678939819336,51.05678939819336,3172
2015-05-15,51.05678939819336,51.05678939819336,51.05678939819336,51.05678939819336,367
2015-05-18,51.05678939819336,53.46235041701668,51.05678939819336,51.05678939819336,279
2015-05-19,51.49863052368164,53.020514925211934,51.05679215020408,51.05679215020408,598
2015-05-20,51.25316619873047,52.03865457529449,50.565862464672946,50.565862464672946,2889
2015-05-21,50.66404724121094,51.94047007019627,50.5658625984447,51.05679330328397,1910
2015-05-22,50.07493209838867,50.9586088689148,50.07493209838867,50.32039745181215,708
2015-05-25,49.38762664794922,49.38762664794922,48.602138293319584,49.09306898315109,872
2015-05-26,48.60213851928711,49.09306921140112,47.620277135059084,49.09306921140112,327
2015-05-27,48.65122985839844,49.485814265466125,47.17843781175365,49.09306822149264,412
2015-05-28,49.534908294677734,49.9767466730255,47.129347119676765,47.620277818840066,456
2015-05-29,49.14216232299805,50.025839081237386,47.62027790203385,47.62027790203385,241
2015-06-01,46.392948150634766,50.074928162589906,46.14748281650443,49.09306682606854,8300
2015-06-02,46.78569793701172,48.89669773259369,46.638417226515834,48.89669773259369,1384
2015-06-03,47.12934494018555,47.12934494018555,44.77287619497474,46.63841426372528,653
2015-06-04,46.147483825683594,47.12934518367686,45.65655314668696,47.12934518367686,503
2015-06-05,46.392948150634766,47.62027482128648,45.65655214824374,46.392948150634766,2757
2015-06-08,46.19657516479492,46.39294818132988,45.16562150986612,45.656552178451626,459
2015-06-09,46.147483825683594,46.63841450468023,44.67469178869369,46.147483825683594,200
2015-06-10,46.19657516479492,46.638413515622624,44.67469084128062,46.147482847037125,956
2015-06-11,46.147483825683594,48.11120654167013,46.147483825683594,46.63841450468023,69
2015-06-12,45.70564651489258,47.62027695604034,44.18376212416114,47.129346265771886,7876
2015-06-15,44.18376159667969,45.65655364990235,44.18376159667969,45.65655364990235,6566
2015-06-16,43.44736862182617,44.96925310128649,42.22004182459945,42.22004182459945,8701
2015-06-17,43.791015625,44.96925001867122,43.300084939762314,43.791015625,6533
2015-06-18,43.74192428588867,46.14748544656577,42.367320583718886,43.2019012691254,1864
2015-06-19,43.692832946777344,44.183763654044505,42.26913314660177,43.20190223951018,9557
2015-06-22,43.39827346801758,44.33104252216295,43.39827346801758,43.692831131036144,764
2015-06-23,48.30758285522461,49.87855963689692,44.77287947820578,45.116533224230665,6723
2015-06-24,48.55304718017578,50.467677667205734,47.718462739417085,49.093070203311406,17151
2015-06-25,48.111209869384766,48.896698261008595,47.2275330878679,47.2275330878679,8834
2015-06-26,47.12934494018555,48.602136969566345,46.63841426372528,47.12934494018555,1419
2015-06-29,46.58932113647461,47.080251804413216,44.92015611638259,44.92015611638259,423
2015-06-30,49.63309097290039,50.46767537576552,47.2275298930597,47.2275298930597,4488
2015-07-01,51.25316619873047,52.43140063632851,49.093070354051406,51.449539229247485,11702
2015-07-02,49.63309097290039,51.54772137299823,49.58399865402687,51.54772137299823,1929
2015-07-03,51.695003509521484,52.52958419004017,49.38762700340427,49.584000029851,14922
2015-07-06,51.54772186279297,52.03865254720052,50.565860493977866,52.03865254720052,692
2015-07-07,53.216888427734375,54.98423819194613,50.56586190866474,50.76223493702249,15016
2015-07-08,53.02051544189453,54.493307537502716,50.124023571430975,53.51144614043059,2775
2015-07-09,54.002376556396484,54.984237948330964,53.36416515343748,54.002376556396484,3714
2015-07-10,52.52958679199219,54.98424038040304,52.03865607431002,53.06960983234175,2815
2015-07-13,52.72595977783203,54.3951249654588,52.136840669873344,52.136840669873344,3168
2015-07-14,55.08242416381836,55.475170230020126,52.529585970019056,52.62777061381747,7629
2015-07-15,56.06428527832031,57.29161204663296,54.49330851308174,54.49330851308174,5676
2015-07-16,56.65340042114258,57.9298194220185,54.64058541066473,54.64058541066473,2003
2015-07-17,55.08242416381836,57.92982378002102,54.00237810001959,54.00237810001959,557
2015-07-20,56.84977340698242,57.43888871612579,54.05146632479197,54.05146632479197,1465
2015-07-21,53.02051544189453,55.96609963311089,53.02051544189453,54.59149217900833,4024
2015-07-22,53.02051544189453,54.689680566017934,49.82946590141014,51.05679264775029,259
2015-07-23,53.02051544189453,53.02051544189453,53.02051544189453,53.02051544189453,148
2015-07-24,57.5861701965332,58.91168153282012,54.002374738418446,54.002374738418446,5941
2015-07-27,57.9298210144043,59.40261307409254,55.18060991875369,55.18060991875369,1820
2015-07-28,56.80067825317383,59.40261235882817,55.573351551545144,55.573351551545144,1081
2015-07-29,56.89886474609375,57.92981839210677,56.75158404859029,56.800676365923536,1568
2015-07-30,58.813499450683594,59.500799435361145,57.782541982659254,58.76440338420319,2357
2015-07-31,59.5989875793457,62.34819874333693,57.48798407644845,57.48798407644845,5345
2015-08-03,65.68653106689453,66.27564642581122,59.89354714036273,59.89354714036273,18268
2015-08-04,63.379154205322266,66.57020364651494,62.98640816051239,66.17745760170506,6979
2015-08-05,64.55738830566406,68.63211469312054,63.87008830869903,66.76657649863355,5831
2015-08-06,71.97044372558594,74.1305358124597,65.68652925785132,66.76657530128821,71935
2015-08-07,67.99390411376953,72.65774591218694,67.25750804033521,72.65774591218694,25018
2015-08-10,64.80284881591797,69.66305948070878,62.49547615173453,66.76657150730942,7974
2015-08-11,61.46451950073242,64.80284961548948,60.875404184247685,63.820988257679026,7862
2015-08-12,60.728126525878906,63.47734146193331,59.9917304706152,61.85726864215154,1515
2015-08-13,54.4442138671875,60.87540510949282,54.00237550035653,60.87540510949282,9992
2015-08-14,57.34070587158203,57.782540494494334,54.05146801382036,57.782540494494334,3303
2015-08-17,55.13151931762695,59.89354562751463,54.98423860886589,55.082423251037255,2110
2015-08-18,55.96609878540039,57.38979853869119,55.96609878540039,57.38979853869119,930
2015-08-19,56.89886474609375,59.79535641479983,53.511442413047774,54.98423440606744,4309
2015-08-20,55.96609878540039,56.015191105409606,55.96609878540039,55.96609878540039,600
2015-08-21,53.56053924560547,56.94796186421566,53.51144692413368,54.93514671983988,1485
2015-08-24,48.258487701416016,53.02051383466086,48.11120699811819,53.02051383466086,4444
2015-08-25,49.58399963378906,52.038653081006345,45.50927341320681,52.038653081006345,4420
2015-08-26,48.9457893371582,49.97674680451682,47.6202779441314,48.60213934504133,1260
2015-08-27,51.54772186279297,52.03865254720052,51.49862954345299,52.03865254720052,778
2015-08-28,50.418582916259766,50.418582916259766,49.829467556648815,49.829467556648815,595
2015-08-31,49.780372619628906,53.90419115682078,49.58399959490474,50.074930283963205,1635
2015-09-01,49.09307098388672,50.86042079020582,47.37481349945068,50.86042079020582,661
2015-09-02,48.84760284423828,50.025837229782994,47.816649161450606,49.0930681851641,2410
2015-09-03,48.111209869384766,49.976748076807446,46.19657933976761,47.12934844347895,330
2015-09-04,47.669368743896484,51.00769889866221,46.63841505494067,47.12934573972952,102
2015-09-07,45.70564651489258,47.62027695604034,45.16562350469806,46.63841557550343,1764
2015-09-08,46.6875114440918,48.111211303184845,45.36199997781798,48.111211303184845,334
2015-09-09,46.6384162902832,48.602139081453025,46.6384162902832,46.6384162902832,827
2015-09-10,45.312904357910156,48.0621154832879,44.42922761434048,45.16562365214723,177
2015-09-11,46.44204330444336,46.491135625166606,45.90202028547969,45.90202028547969,315
2015-09-14,47.76755905151367,48.602139751057486,46.343859259200066,48.01302440379174,1119
2015-09-15,47.374813079833984,47.91483610677273,47.374813079833984,47.374813079833984,427
2015-09-16,46.6384162902832,48.11120838366057,46.6384162902832,46.736600931640105,622
2015-09-18,48.111209869384766,49.58400200824348,48.111209869384766,48.111209869384766,408
2015-09-21,47.669368743896484,49.04397615950681,46.63841505494067,48.35667245170165,1307
2015-09-22,48.60213851928711,48.60213851928711,48.1112078271731,48.60213851928711,270
2015-09-23,49.240352630615234,49.28944495343107,47.32572207676453,47.32572207676453,1910
2015-09-24,49.58399963378906,52.43139913076268,49.58399963378906,52.43139913076268,485
2015-09-28,48.454856872558594,50.025837304120614,47.325718549924254,47.325718549924254,3802
2015-09-29,49.09307098388672,49.09307098388672,47.57118653248704,47.57118653248704,970
2015-09-30,48.405765533447266,48.405765533447266,48.35667321329598,48.35667321329598,286
2015-10-01,48.160301208496094,48.160301208496094,48.11120888730373,48.11120888730373,45
2015-10-05,49.09307098388672,51.54772453308105,48.111209564208984,49.14216330576979,930
2015-10-06,50.81132507324219,51.94046712862688,49.19125234082134,49.19125234082134,1443
2015-10-07,55.76972579956055,55.96609882524113,51.744095627876355,51.744095627876355,1721
2015-10-08,52.03865432739258,55.96609993700711,51.10588524600832,55.96609993700711,747
2015-10-09,53.90419387817383,56.16247441275126,51.05679423968221,56.16247441275126,669
2015-10-12,52.627769470214844,56.65340345204163,51.35135040105181,56.65340345204163,2068
2015-10-13,55.2787971496582,55.76972785923866,52.03865521552803,52.03865521552803,1409
2015-10-14,57.978912353515625,59.6971697274289,51.89137119397927,54.73877062609422,5720
2015-10-15,57.5861701965332,61.80817329061788,56.35884349793278,57.095239517093034,1681
2015-10-16,60.28628921508789,60.28628921508789,56.99705140017044,57.92982044456505,5164
2015-10-19,61.562713623046875,63.722809560707226,58.96077928408034,59.89354841005915,4949
2015-10-20,61.31724166870117,65.2937793619444,59.59898431707106,60.77721867871818,1493
2015-10-21,59.40261459350586,61.16996436123664,59.40261459350586,60.973591332487885,619
2015-10-23,60.04082489013672,62.44638227493131,58.91168280484234,59.893544184923044,2182
2015-10-26,61.366336822509766,61.80817519673263,56.99705289164628,56.99705289164628,2754
2015-10-27,60.82631301879883,61.16996300234697,58.028005848677445,59.058963290329686,3618
2015-10-28,58.22438049316406,60.87540703238486,57.92982282114043,60.13901097957375,860
2015-10-29,57.684356689453125,60.875406208444154,56.84977600576475,60.875406208444154,3796
2015-10-30,58.86259078979492,60.28629054738622,56.94796033962068,56.94796033962068,1947
2015-11-02,56.80067825317383,57.92982031687375,56.45702827491934,57.92982031687375,2329
2015-11-03,56.99705505371094,58.76440487213916,55.966101305086475,55.966101305086475,315
2015-11-04,57.978912353515625,58.224377692646094,54.49330528696375,54.98423596522469,1947
2015-11-05,57.978912353515625,58.420750713051234,57.242516336124226,58.371658394325905,1750
2015-11-06,56.947959899902344,58.42075196627913,56.45702921111008,58.42075196627913,755
2015-11-09,57.9298210144043,58.61712472469293,54.984236895027806,55.033329214583304,1869
2015-11-10,56.309749603271484,57.92982240604903,55.03333053664578,55.03333053664578,1876
2015-11-13,57.046146392822266,57.046146392822266,54.542400547738715,55.96610034059141,7951
2015-11-16,53.6096305847168,55.966099427222495,53.06960756741457,55.966099427222495,12437
2015-11-17,55.42607498168945,55.76972496234363,54.00237524875779,54.00237524875779,1574
2015-11-18,55.08242416381836,63.82099230002316,54.98423952001995,57.880731458121815,10794
2015-11-19,56.50612258911133,56.84977632500406,54.98423817445489,56.75158793810443,1911
2015-11-20,55.47516632080078,56.457027671611414,55.47516632080078,55.47516632080078,1212
2015-11-23,53.36416244506836,54.73876982221335,51.00769747132467,54.73876982221335,9090
2015-11-24,54.49330520629883,55.376981924061965,52.284117157394824,52.284117157394824,517
2015-11-26,54.34602737426758,54.984238786960695,53.020515973140675,54.247842731778185,3348
2015-11-27,54.98423767089844,54.98423767089844,53.756910937173025,54.05146860416633,1647
2015-11-30,54.98423767089844,57.83163719134297,54.296933950911416,57.83163719134297,4780
2015-12-01,57.29161071777344,57.92982212069454,54.29693422165188,54.3460265421449,3861
2015-12-02,59.9426383972168,60.875407486841794,54.98423902037323,54.98423902037323,31296
2015-12-03,59.9426383972168,61.562711223697264,58.91168466468561,60.384476781302745,1019
2015-12-04,58.27347183227539,62.79003646070993,57.438891151354724,62.79003646070993,6587
2015-12-07,57.389801025390625,58.37166245013468,57.04614727942776,58.17528941608505,1969
2015-12-08,55.96609878540039,60.237194299768845,55.13151810873195,60.237194299768845,218
2015-12-09,53.953285217285156,55.18061197952775,53.41326219099922,54.984238948468125,1719
2015-12-10,55.08242416381836,56.45703165002048,50.173117063816576,50.173117063816576,3579
2015-12-11,53.02051544189453,56.457030331646955,52.725957771873695,54.54239985825552,564
2015-12-14,53.56053924560547,53.56053924560547,53.51144692413368,53.51144692413368,490
2015-12-15,53.6096305847168,54.935145713190245,52.578676870684546,54.935145713190245,3065
2015-12-16,54.247840881347656,54.93514459184107,53.02051416457508,54.93514459184107,4719
2015-12-17,55.5733528137207,55.96609886536343,54.00237609815769,54.05146841823705,1108
2015-12-18,56.7515869140625,57.63526365269394,54.10056044367208,54.10056044367208,4172
2015-12-21,58.51893615722656,59.893543573508644,57.38979782896275,57.38979782896275,2845
2015-12-22,58.91168212890625,59.40261281331381,58.715309106042454,59.30442817463385,876
2015-12-23,58.27347183227539,60.38447531296266,57.14433348429472,58.91168323215869,129155
2015-12-24,59.058963775634766,60.335382826378755,55.96609891627086,56.94796030076684,3192
2015-12-28,60.28628921508789,60.87540453496667,58.911681808032256,59.69717014970525,28744
2015-12-29,58.96077346801758,60.826311535953074,58.96077346801758,60.777219217429256,792
2015-12-30,58.37166213989258,59.500800525044475,57.48798536411799,58.9116851715308,874
2015-12-31,58.420753479003906,61.36633768802931,58.077103486152545,61.36633768802931,5421
2016-01-01,62.7900390625,66.57020780716894,59.50080103177475,59.50080103177475,49101
2016-01-04,64.80284881591797,66.27564083446156,61.709984078774916,65.29377948876584,23307
2016-01-05,66.815673828125,67.2575084786618,64.80285488455006,65.7356202539092,16704
2016-01-06,64.95013427734375,67.99390317393186,64.85194963377796,66.27564569300216,4003
2016-01-07,62.64275360107422,64.41010328818528,62.44638058128325,64.41010328818528,1908
2016-01-08,64.21373748779297,65.78471424010124,62.39729163833851,65.78471424010124,4241
2016-01-11,63.820987701416016,64.9010336873923,63.33005702678974,64.80284905066857,3495
2016-01-12,63.57552719116211,66.17746146243833,63.33006183521168,63.47734254698357,1953
2016-01-13,62.34819793701172,64.50828998724519,57.92982170525498,63.182778615919744,36589
2016-01-14,61.6118049621582,61.66089728474037,58.911686019593496,58.911686019593496,2011
2016-01-15,56.89886474609375,60.6790293633094,55.96609573474721,60.040821746969776,16857
2016-01-18,55.033329010009766,55.5733520141206,54.49330600589893,54.984236690636756,931
2016-01-19,54.98423767089844,57.29161043210063,52.62776884394407,53.020514896937776,1325
2016-01-20,52.03865432739258,53.75691178159894,50.71314293234927,53.02051572979621,1199
2016-01-21,52.087745666503906,54.100560754386905,52.087745666503906,54.100560754386905,639
2016-01-22,55.524261474609375,57.92982265603714,51.793188900101,51.793188900101,4191
2016-01-25,54.738773345947266,58.71531128834577,54.493307994620146,58.71531128834577,3138
2016-01-27,54.88605499267578,57.046147124856475,54.59149356964743,56.947962480849746,10310
2016-01-28,54.149658203125,56.849777077803864,53.5114467890902,56.849777077803864,2633
2016-01-29,56.015193939208984,56.457032332652304,53.16779803408203,53.16779803408203,989
2016-02-01,54.640586853027344,56.40793657362443,54.39512151001375,54.68967917252928,4100
2016-02-02,54.98423767089844,55.376983723892145,53.11869953743423,53.41326094993149,2000
2016-02-03,53.56053924560547,54.59149297852926,51.2531664268949,54.59149297852926,705
2016-02-04,52.72595977783203,53.855098180120635,52.03865602463229,53.315075140286595,2598
2016-02-05,52.28411865234375,53.806003047114004,51.79318796077245,51.94046866644541,180
2016-02-08,53.51144790649414,53.90419397648657,52.03865576227871,52.03865576227871,3570
2016-02-09,53.216888427734375,53.707819125876746,51.645907946376376,51.645907946376376,345
2016-02-10,50.46767807006836,53.90419301173244,49.33853594817712,53.90419301173244,2247
2016-02-11,40.845436096191406,51.54772773330863,40.40360142630935,50.07493551235696,110105
2016-02-12,41.483642578125,43.20189996301775,40.74724655602811,40.74724655602811,6079
2016-02-15,48.50395202636719,49.09306733620007,45.214714267539506,47.914832971030506,17169
2016-02-16,47.96392822265625,49.09307033864673,47.03116288262518,47.03116288262518,1946
2016-02-17,47.12934494018555,48.01302165601555,46.491133562585674,46.491133562585674,1568
2016-02-18,47.620277404785156,48.60213879457454,47.620277404785156,47.66936972517383,1593
2016-02-19,48.454856872558594,48.602137575534485,46.687507164367204,46.687507164367204,155
2016-02-22,48.60213851928711,51.05679197985717,47.276627148780854,48.1112078271731,740
2016-02-23,48.50395202636719,48.50395202636719,47.22752927922295,48.20939062594695,1680
2016-02-24,47.17844009399414,48.111209184425654,45.460182623121796,45.460182623121796,1051
2016-02-25,47.42390441894531,48.89669650490948,46.68750837596323,46.68750837596323,2890
2016-02-26,46.883880615234375,47.12934595876963,46.68750759130539,47.12934595876963,7274
2016-02-29,48.111209869384766,48.111209869384766,47.12934844347895,47.12934844347895,293
2016-03-01,48.99488830566406,49.53491135905028,48.258492211363524,48.454861506773625,750
2016-03-02,49.534908294677734,51.05679271298317,48.20939315963443,48.20939315963443,1403
2016-03-03,49.58399963378906,51.30225704684116,49.09306894434561,49.09306894434561,930
2016-03-04,48.111209869384766,50.07493272119638,46.68751005272052,46.68751005272052,27315
2016-03-08,49.09307098388672,50.95860917947604,49.09307098388672,49.58400169372558,1866
2016-03-09,50.173118591308594,50.958610747626,48.111211044735875,48.111211044735875,1597
2016-03-10,49.58399963378906,50.07493032323252,49.19125358403273,49.240349649380214,620
2016-03-11,48.79851150512695,50.07493055447353,48.60213847934196,48.60213847934196,782
2016-03-14,50.02583694458008,51.00769830268566,48.454856524308845,48.454856524308845,370
2016-03-15,50.07493209838867,51.30225886550604,49.09307068469478,50.32039745181215,1445
2016-03-16,50.36948776245117,51.105883793321816,50.12402241882762,51.105883793321816,466
2016-03-17,51.44953918457031,52.529585233219954,48.74942031744218,48.74942031744218,3047
2016-03-18,51.15497589111328,51.79318727996848,50.51676824776197,50.56586056717301,2571
2016-03-21,50.565860748291016,50.958606795993866,49.19125332683494,50.12402238100128,1373
2016-03-22,50.22221374511719,52.9223326831234,49.97674838711662,52.9223326831234,5106
2016-03-23,52.873233795166016,54.6896795947939,49.6330919914699,49.6330919914699,5985
2016-03-28,50.320396423339844,53.118699896972764,49.63309269870075,53.118699896972764,11425
2016-03-29,50.614952087402344,51.54772112349978,49.87855607135235,50.565859768766444,3002
2016-03-30,52.431400299072266,52.92233099945495,50.27130446828766,50.27130446828766,3226
2016-03-31,51.35135269165039,53.80600629780484,51.30226036862813,52.92233324689174,1574
2016-04-01,55.524261474609375,55.76972682484682,52.13683889223182,53.02051565128823,13770
2016-04-04,58.420753479003906,58.91168418050814,55.966099971482734,55.966099971482734,48136
2016-04-05,57.389801025390625,58.91168548464309,55.475170498038906,56.94796263515499,9382
2016-04-06,59.549896240234375,59.795361593664026,57.09524270593789,57.09524270593789,29357
2016-04-07,58.91168212890625,60.87540486653646,58.6171244673625,60.7772202278565,26068
2016-04-08,59.108055114746094,59.40261277610534,56.65340169424587,58.86258977269607,7841
2016-04-11,58.91168212890625,59.40261281331381,56.55521334554845,56.55521334554845,14431
2016-04-12,60.580848693847656,60.875406362630564,58.17528753203001,58.17528753203001,13168
2016-04-13,61.46451950073242,62.299103902173606,60.53175420721557,60.53175420721557,14382
2016-04-18,61.120872497558594,61.75908390938933,60.87540714616278,60.87540714616278,4773
2016-04-20,60.33538055419922,61.85726489375432,58.91168085119459,58.91168085119459,4983
2016-04-21,60.580848693847656,62.49547915919248,60.13901031792132,62.49547915919248,5050
2016-04-22,60.08991622924805,60.87540457139103,59.9426355264383,60.87540457139103,2664
2016-04-25,59.64807891845703,61.36633633586114,59.009867522362505,61.36633633586114,1462
2016-04-26,60.82631301879883,61.61180137084023,58.32256725800889,58.96077490538457,3245
2016-04-27,60.82631301879883,61.36633602673329,59.8935439620917,59.991728601532905,8501
2016-04-28,60.139007568359375,61.31724193512595,59.89354223134566,61.02268427981026,7795
2016-04-29,60.139007568359375,60.826311261098525,59.45170387562022,60.826311261098525,13932
2016-05-02,61.70998764038086,63.330060452483195,60.77722230453819,60.77722230453819,37678
2016-05-03,62.83913040161133,64.2137378773482,62.34819969534874,62.544572726954584,16343
2016-05-04,61.366336822509766,62.59366355895996,61.366336822509766,62.004548223665445,5903
2016-05-05,60.62994384765625,63.57552816414158,60.04082848256085,61.366339926777584,12847
2016-05-06,61.66089630126953,61.85726933397025,58.22438133827118,58.22438133827118,11701
2016-05-09,61.857269287109375,63.57552676730686,60.97359251337762,63.23187676946899,2012
2016-05-10,62.34819793701172,64.21373606639948,61.95545188487621,64.21373606639948,6954
2016-05-11,62.88822555541992,63.330060188236985,62.25001414834462,62.34819878996974,7075
2016-05-12,64.45919799804688,64.8028479663335,62.4954753324004,64.75375190328936,20856
2016-05-13,65.83380889892578,66.6683895784594,64.65557074163608,65.58834355253308,37085
2016-05-16,67.7484359741211,70.59583550601762,64.80285180133322,64.80285180133322,38661
2016-05-17,67.45387268066406,72.16681022218975,65.7847113590029,65.7847113590029,12378
2016-05-18,68.19026947021484,69.71215759726243,66.57020419491569,66.57020419491569,19119
2016-05-19,67.50296783447266,69.71215587269177,67.20840643297373,67.20840643297373,7764
2016-05-20,66.86476135253906,69.17213419647018,66.86476135253906,68.23936884179851,3061
2016-05-23,68.63211059570312,69.12304127594277,66.42292253462475,66.42292253462475,18014
2016-05-24,66.815673828125,68.73030063512884,65.93199703604311,68.73030063512884,2727
2016-05-25,66.57020568847656,67.74843636803928,66.2265482068468,66.324740339317,8235
2016-05-26,66.61929321289062,68.68120061510606,65.29378184653841,65.29378184653841,9029
2016-05-27,68.28846740722656,68.73030206696798,65.19560231601132,65.19560231601132,7371
2016-05-30,67.40478515625,69.7121578983458,65.39196633320448,65.39196633320448,5561
2016-05-31,70.44855499267578,73.29595453239318,69.22122825064311,71.47951245238642,34929
2016-06-01,70.74311828613281,72.55956041438503,70.39946079642962,71.6758836384491,14693
2016-06-02,69.17213439941406,71.67588402973266,67.94480761808302,71.67588402973266,6808
2016-06-03,69.12303924560547,71.28313117880886,68.04299327900378,70.54673518007941,14571
2016-06-06,70.98858642578125,73.05049398984364,70.79220963953199,71.57770180251217,44273
2016-06-07,71.4795150756836,72.80502650752355,70.69402293555196,72.65774579487284,9358
2016-06-08,70.64492797851562,72.11772014616508,70.00672403200754,72.11772014616508,10332
2016-06-09,71.28313446044922,72.46137260726302,69.81034239518785,72.16681119780762,15034
2016-06-10,75.50514221191406,79.53077240326023,70.05580851380604,71.67588130170365,171277
2016-06-13,80.21807098388672,81.98542444741983,73.63960279708368,73.63960279708368,96478
2016-06-14,96.22241973876953,96.22241973876953,80.51263692427655,81.00356763722945,657235
2016-06-15,96.71334838867188,106.33559315369422,92.78590276882734,100.73897865081094,454614
2016-06-16,96.36969757080078,102.11358524248921,93.27683267342765,97.49883967504914,123591
2016-06-17,96.22241973876953,101.13172686829859,95.28965438056228,97.00791187589745,55678
2016-06-20,90.67489624023438,97.15517979967957,89.98759627597799,97.10609122566571,72100
2016-06-21,94.65143585205078,99.75711188718316,86.6001682692557,90.67489437916339,206056
2016-06-22,90.23306274414062,98.18613846130472,89.3493859997873,96.90971566490461,96504
2016-06-23,86.79654693603516,91.85313450895214,83.36003212797614,90.87127313522099,77373
2016-06-24,82.62364196777344,83.60550341126212,71.18495465292874,83.55640734268435,50996
2016-06-27,87.2383804321289,90.33124521767475,81.4944929681196,84.53826168920928,84582
2016-06-28,87.28748321533203,90.52762146163292,86.45290249239127,89.20211002037308,49850
2016-06-29,87.53294372558594,90.08578182122844,86.69836304887694,87.43475908556275,49736
2016-06-30,88.26934051513672,89.49666725341446,87.68022517896499,88.41662122193163,20809
2016-07-01,86.01105499267578,90.33124654293054,85.56922037011891,88.26933915265217,64069
2016-07-04,85.0291976928711,89.34938945020345,82.72182484812792,86.40380518261432,80946
2016-07-05,85.17647552490234,86.84563689037046,84.4400794829003,85.02919481830035,22316
2016-07-07,87.2383804321289,88.36752249555138,83.9491463707738,83.9491463707738,33468
2016-07-08,86.3547134399414,89.00574390814666,84.73464800443706,84.73464800443706,73519
2016-07-11,86.84564208984375,89.25120713234368,86.55108815001265,86.74745744323339,34013
2016-07-12,86.6983642578125,90.13487914359882,86.40380284262763,90.13487914359882,30631
2016-07-13,84.9310073852539,88.0729607314267,83.55639998717544,85.71649946730095,53163
2016-07-14,85.81468200683594,87.14019330825293,83.21274797604998,83.21274797604998,11976
2016-07-15,86.3547134399414,87.04202096473917,84.53827121549118,84.53827121549118,7701
2016-07-18,86.60017395019531,90.7239963946382,84.44008183001674,86.35470859603828,92233
2016-07-19,86.79654693603516,87.5820315404154,86.30561624916959,86.64926623177394,38514
2016-07-20,86.992919921875,90.13488094632461,86.74745456798088,87.43476205348928,47267
2016-07-21,86.3547134399414,87.72932099852837,86.10924807201548,87.72932099852837,29729
2016-07-22,86.20742797851562,86.69835864470078,85.4219359162164,85.4710319792379,26724
2016-07-25,90.03668212890625,91.3131048708153,86.15833282165636,86.15833282165636,57915
2016-07-26,107.46472930908203,108.00475608591486,105.5501025385077,108.00475608591486,622626
2016-07-27,116.98878479003906,128.9184020414578,103.14454084623551,120.7689496004701,1543909
2016-07-28,113.7977294921875,122.73266608497197,109.96846881213489,116.8414981128933,349557
2016-07-29,112.17766571044922,117.82336879872128,110.9503389521292,112.96315783217725,109146
2016-08-01,92.68771362304688,114.87777879880196,91.60766762826822,110.95033336978308,612489
2016-08-02,94.89690399169922,102.9972603866434,83.70368274775659,92.29496983330345,511614
2016-08-03,90.47852325439453,98.67706387951601,88.6129852251375,95.2405492170453,182942
2016-08-04,89.5948486328125,92.78589803617295,88.46570657649882,91.36220206799982,78889
2016-08-05,92.88408660888672,94.94599404329492,89.34938707975726,90.38034454246534,87222
2016-08-08,91.60767364501953,94.06232719937688,89.74213544550632,94.01323113188647,115118
2016-08-09,91.95132446289062,95.63330482720012,90.1348823146996,90.1348823146996,50379
2016-08-10,90.82217407226562,95.04418083635235,89.93849736687451,95.04418083635235,26875
2016-08-11,89.84031677246094,92.09860095549426,89.34938607971525,91.36220491637573,31183
2016-08-12,87.68022155761719,90.82217488143682,87.1892908825824,89.93849816817267,31577
2016-08-16,86.4529037475586,89.34939203129048,85.91287695316393,87.72931913911486,22043
2016-08-17,85.86376953125,88.76026492301368,85.47103099562754,88.76026492301368,14954
2016-08-18,92.88408660888672,94.55325547750896,85.22557221094088,85.22557221094088,44947
2016-08-19,93.08045959472656,96.17331687496599,92.68771355391607,94.79871696864076,59127
2016-08-22,102.65361785888672,108.00475977879645,93.81686478607611,95.73149162211504,236495
2016-08-23,102.16267395019531,105.99192712817063,101.22990119604157,103.04634315064658,115974
2016-08-24,98.8734359741211,103.09544281931517,96.27150936243976,102.94816211708604,73066
2016-08-25,97.15518188476562,100.7880735351089,96.3206011985408,100.44442354560549,62780
2016-08-26,100.2971420288086,102.84998013295237,96.02604650000929,96.02604650000929,91975
2016-08-29,103.14454650878906,104.76461188005135,100.29714685555724,101.13172757520927,126208
2016-08-30,111.19580078125,119.3943417689066,110.06665870116377,114.87778093956953,696665
2016-08-31,102.75180053710938,112.3249495158896,101.22991231843845,111.44127272733901,182336
2016-09-01,100.14986419677734,105.59919803918172,99.06981813991568,100.73897954679207,100635
2016-09-02,99.9534912109375,102.16267930998173,99.31527981745649,101.8681179003727,55262
2016-09-06,104.2245864868164,107.51382059588624,100.64079096875197,100.64079096875197,52260
2016-09-07,102.65361785888672,105.01007935216283,102.21177571064115,105.01007935216283,26132
2016-09-08,102.2608642578125,105.55009838365986,102.11358355256395,102.8499795877988,36747
2016-09-09,104.47004699707031,106.33558502203732,99.65892498247355,102.35904363963417,85656
2016-09-12,111.73583221435547,115.81055110076251,105.05917158454207,107.9556597673388,537979
2016-09-14,113.8468246459961,116.64513558732192,110.90124048965976,112.47222469917878,179734
2016-09-15,113.59922790527344,116.57043708385434,111.71746813711273,114.88675490512877,65094
2016-09-16,111.2222671508789,114.88675546656633,110.47946485260368,113.599228460419,57668
2016-09-19,108.89481353759766,112.70787136749739,107.953933652091,111.17274360043315,41585
2016-09-20,106.91400909423828,110.03378029669746,106.17120678680399,108.00345852341589,37095
2016-09-21,108.20153045654297,108.94433272512336,106.31976319823757,106.31976319823757,52458
2016-09-22,109.0928955078125,111.51937991422669,108.10249247561478,108.94433354174774,47981
2016-09-23,106.2207260131836,110.33090013938104,105.37888494063124,109.53857468511086,45989
2016-09-26,104.53704833984375,107.50825758619258,103.69519967510422,106.17120738039492,41853
2016-09-27,104.7846450805664,107.45873027697009,104.43799797021637,104.43799797021637,32471
2016-09-28,105.4779281616211,107.95393586494554,104.23992430995887,104.73512585062376,27724
2016-09-29,100.17926788330078,113.40114680772636,94.83109001606812,106.36928681385353,176612
2016-09-30,103.64568328857422,107.95393515269906,99.28790824823928,103.00191977872204,42532
2016-10-03,107.80537414550781,108.4491376611241,104.04184696129305,104.38848652934001,63987
2016-10-04,113.1040267944336,114.29251500397339,107.95393388828829,107.95393388828829,150129
2016-10-05,111.71746826171875,114.98579382809773,110.92514279074317,114.242991532624,62666
2016-10-06,109.19194030761719,113.84683179259173,107.95393644925419,112.9059518827062,50943
2016-10-07,107.80537414550781,111.42034691211379,106.96353303562924,109.93474228661894,47750
2016-10-10,114.29251098632812,115.8771543205016,107.95393009345875,107.95393009345875,76885
2016-10-13,110.38041687011719,114.39155224400044,108.9443354704766,114.39155224400044,77642
2016-10-14,114.19347381591797,119.34356661414097,110.87561757880016,110.92514075339243,283776
2016-10-17,114.49059295654297,121.2748524496701,112.9059495616497,114.88675569431022,296605
2016-10-18,115.9761962890625,118.55124272215508,114.88675443923592,115.58003355562312,54056
2016-10-19,117.56083679199219,119.83876678643595,114.49058890621941,116.76851890066318,146817
2016-10-20,117.21420288085938,119.59117178154133,116.86756331446689,117.9570051900615,55936
2016-10-21,121.62149810791016,123.80038180521161,116.86756042411977,116.86756042411977,282502
2016-10-24,120.08637237548828,123.60230630049867,119.73973281182512,120.82917467884182,67909
2016-10-25,117.46179962158203,121.81957453066197,115.92667943559204,119.59116767949132,46742
2016-10-26,116.124755859375,120.82917027585289,115.72859313412071,120.82917027585289,71838
2016-10-27,113.50019073486328,116.76852390054586,112.90595040187803,116.02572159527034,49717
2016-10-28,113.94587707519531,116.81803995466059,111.9155477440932,113.74779192601355,30138
2016-11-01,113.99539184570312,116.07523678146684,113.40115151493859,114.19347699340847,24611
2016-11-02,112.01458740234375,113.5992308271097,109.93474243507747,111.42034706257851,29536
2016-11-03,111.76698303222656,113.89635110764816,110.92514194831821,110.92514194831821,34183
2016-11-04,108.00345611572266,111.42034363127826,106.61689032818717,110.92514210402814,54086
2016-11-07,107.70632934570312,110.9251391882184,106.27024797689727,108.94433313128592,26825
2016-11-08,104.19039916992188,108.94433689318572,103.15048048782872,107.45873229918773,59514
2016-11-09,102.952392578125,105.97312486064153,89.73051355768193,89.73051355768193,71343
2016-11-10,103.10095977783203,109.93474258488435,102.50671943725702,109.14241709333373,109553
2016-11-11,100.37734985351562,105.27984959447829,99.53550875340359,105.27984959447829,28304
2016-11-15,92.80076599121094,99.04030844576445,91.61228531233212,99.04030844576445,45347
2016-11-16,91.11708068847656,96.96046020038573,89.43339852431193,96.01957276826674,27055
2016-11-17,89.87907409667969,94.0882869331633,89.13627183141787,94.0882869331633,34535
2016-11-18,90.02764129638672,92.00844745227565,88.64107547602931,90.32475768606457,28493
2016-11-21,88.34394836425781,93.5930875117242,87.2545065287956,90.02763807013173,31047
2016-11-22,87.65067291259766,90.5723589872139,86.41266905789995,89.1362775382349,29847
2016-11-23,90.27523803710938,91.06755593040025,87.84874607072837,90.22571486295192,19041
2016-11-24,91.51324462890625,94.28636867452418,89.33435335430389,90.52284156486219,25370
2016-11-25,91.71131896972656,95.97005501669064,91.1170786635904,92.5036444153584,90494
2016-11-28,91.11708068847656,93.79116590360292,90.77044113187509,92.10748373943827,60119
2016-11-29,91.31515502929688,92.65220514549405,91.11707744861783,91.11707744861783,30670
2016-11-30,91.11708068847656,94.7320533357219,90.91900310075447,92.55316208990078,87353
2016-12-01,89.3343505859375,92.35508286013324,89.13627300173717,92.05795892765725,37814
2016-12-02,90.77043914794922,92.99884596390783,89.13627263834448,90.62187718231688,39231
2016-12-05,90.57235717773438,92.60268648134648,89.6810004651005,92.10748494936067,25390
2016-12-06,89.73051452636719,92.55316169843412,89.13627420953871,92.4046072863587,74250
2016-12-07,89.87907409667969,92.20651968326496,89.38387258650515,91.21611666291588,46840
2016-12-08,92.10748291015625,92.6026844311786,90.02763803309752,91.0675566935391,84426
2016-12-09,96.11862182617188,97.45566447140241,93.59309095259965,93.98925369538021,110900
2016-12-12,97.80229949951172,98.99078011652927,96.06909419192544,98.99078011652927,38344
2016-12-13,117.36276245117188,117.36276245117188,110.92514256988396,116.7685221272112,1064413
2016-12-14,114.54011535644531,124.29558398248057,113.10402638628894,122.31477786323785,827380
2016-12-15,115.72859191894531,119.29404129644493,110.92513876063504,110.92513876063504,229102
2016-12-16,114.29251098632812,117.80843720337312,113.74778629824874,115.6790767372957,132303
2016-12-19,110.57850646972656,115.33243676630099,109.98426612717675,114.8867583984326,55907
2016-12-20,106.86449432373047,111.91554854320638,105.37888969705074,111.91554854320638,62640
2016-12-21,105.72552490234375,108.9443347939842,105.08176141278055,108.74625720773808,66545
2016-12-22,101.56583404541016,105.62648496902688,100.67446980457343,105.62648496902688,87708
2016-12-23,103.34855651855469,105.97312610625308,100.03070781992113,100.03070781992113,41947
2016-12-26,101.3182373046875,103.94279940097732,99.28790798428419,103.94279940097732,37859
2016-12-27,102.30863952636719,103.29904259029648,99.53550792489484,102.06103876038486,27660
2016-12-28,104.58656311035156,108.35009781428049,103.99232277714589,103.99232277714589,56289
2016-12-29,103.59616088867188,105.72552902667378,100.42687404804755,104.43800199732122,44867
2016-12-30,104.4875259399414,105.87409177644595,103.7942467997771,104.58656473765404,27134
2017-01-02,108.00345611572266,113.84682809233362,103.54664237047153,113.84682809233362,66557
2017-01-03,107.85489654541016,109.93474149488911,106.3197687543175,107.95393534182804,68154
2017-01-04,108.30057525634766,109.83570305238683,107.35969535308224,107.40921097336283,40347
2017-01-05,107.06256866455078,109.39001433105014,106.76545228194965,108.49865762707107,46257
2017-01-06,106.36929321289062,108.69673895955945,106.07216926387933,107.9539366432071,52908
2017-01-09,107.26065063476562,108.89480958114835,106.3197632272683,108.44913124234859,50272
2017-01-10,113.15354919433594,115.33243289595791,107.85489435380128,107.85489435380128,148535
2017-01-11,114.49059295654297,117.857964893301,113.30211229941695,113.30211229941695,114910
2017-01-12,113.40115356445312,117.75892866244457,112.80691322294881,115.18388214514195,58681
2017-01-13,112.60882568359375,114.83723258410953,111.37082184997388,113.89635269302873,55895
2017-01-16,113.79730987548828,114.63915094136037,112.7078680516435,113.54970911751559,50354
2017-01-17,114.73818969726562,116.32283303655795,113.1535463579733,113.79730983973516,49696
2017-01-18,117.56083679199219,118.25412344760247,114.58962769811362,115.7285926953355,132947
2017-01-19,117.26372528076172,120.77965165399729,116.96660133657808,117.85796561295322,113339
2017-01-20,120.53205108642578,124.29558579019277,119.04644647538763,122.80998117915462,277980
2017-01-23,127.81151580810547,129.74279872079208,120.82917132776056,120.82917132776056,375975
2017-01-24,132.66448974609375,135.09097427332838,127.81152069162447,129.04952454351476,436017
2017-01-25,134.59576416015625,138.1612210714567,133.60536114172288,133.95200824311485,310979
2017-01-27,133.5558624267578,137.6660291959405,131.87216508771738,133.90249444005593,138751
2017-01-30,125.92974853515625,133.65488774338237,125.28598504542686,132.51593028790987,160417
2017-01-31,122.01765441894531,128.752398274221,121.52245288712139,123.94894492676406,114374
2017-02-01,127.51439666748047,128.75240051862104,120.87869904783726,120.87869904783726,71638
2017-02-02,129.0990447998047,130.68368062696834,126.22686686097762,126.96966915530942,84833
2017-02-03,128.65335083007812,132.16928469863242,127.7619941253072,128.85144353100617,76767
2017-02-06,128.5543212890625,130.63415866510186,127.26679427778967,127.31631745367545,81644
2017-02-07,134.94241333007812,135.68521560528956,129.74279740359805,130.08944451030376,296667
2017-02-08,137.86410522460938,139.89443455387936,135.19001994056305,135.63569830251217,155105
2017-02-09,136.3784942626953,139.6468272854636,134.69481213349678,138.1116995658837,88002
2017-02-10,135.6356964111328,137.76507206329904,135.1900180553985,137.76507206329904,50985
2017-02-13,132.07025146484375,137.12129790280622,131.37695724677442,135.38809258233505,82392
2017-02-14,124.04798126220703,131.82265120262312,122.80997745719499,131.82265120262312,118001
2017-02-15,112.60882568359375,121.81957722819594,111.42034502578898,121.81957722819594,196757
2017-02-16,116.91708374023438,117.90748679586981,111.91554528680511,111.91554528680511,53054
2017-02-17,116.86756134033203,119.83877052695064,115.87715827812583,117.21420090086906,27599
2017-02-20,116.27332305908203,117.75892767851789,114.73819526319463,117.31324175898163,29134
2017-02-21,120.63109588623047,122.21573927304144,115.33243346344823,116.61996046558097,124142
2017-02-22,116.66947937011719,121.57197132150824,115.87715392762904,120.82916905274139,38279
2017-02-23,115.48099517822266,118.69980512025299,115.18387879420219,117.85796403126481,11232
2017-02-27,115.62955474853516,118.84836462376204,114.83722929523987,115.92667868256477,22575
2017-02-28,115.43148040771484,116.76852303607713,113.89635263237344,114.04491460356385,16265
2017-03-01,117.16468811035156,117.65988965341107,113.99539370106513,115.53052150701998,28696
2017-03-02,114.88675689697266,118.65029161089554,114.14395458944912,115.82763679736547,28175
2017-03-03,114.63915252685547,115.53051677912013,113.84682706791453,114.83723011350291,29585
2017-03-06,115.08483123779297,116.86755974794372,114.04491257035139,115.43147834978244,30446
2017-03-07,113.8468246459961,115.92667704242646,113.35162313373655,115.92667704242646,55523
2017-03-08,112.70787048339844,114.8372310029658,112.01458381241142,114.34202947633605,25291
2017-03-09,112.6583480834961,113.89635190858945,111.3213054636304,112.6583480834961,43293
2017-03-10,112.4107437133789,113.74778629036463,111.81650340762697,113.0545071930166,34085
2017-03-14,112.8564224243164,114.39155014571173,112.16314332469138,113.94587180397785,25720
2017-03-15,113.30210876464844,115.92667831977816,112.90594603924056,112.90594603924056,24052
2017-03-16,113.64875030517578,115.18387805943709,113.1040256036829,113.40114954198368,27294
2017-03-17,113.1040267944336,115.08483292082421,112.21267008249839,113.89635226746013,30595
2017-03-20,112.75738525390625,114.39155179072313,112.21266811241769,113.74778829971338,17627
2017-03-21,113.00498962402344,113.59922995924887,112.01458654658909,113.59922995924887,17175
2017-03-22,111.8165054321289,113.40114879488343,111.02417997266386,113.40114879488343,19921
2017-03-23,111.02417755126953,112.70786722686826,109.68713497923628,112.16314254084432,43762
2017-03-24,112.2621841430664,115.87715678476646,111.51938185598456,111.91554458699667,127527
2017-03-27,113.30210876464844,114.98579090241252,112.3117057292165,112.41074452152459,24929
2017-03-28,113.94587707519531,115.1343577455826,113.40115236016524,113.79731510235294,24671
2017-03-29,113.40115356445312,115.38195974025143,113.00499081805827,114.14395588037749,35683
2017-03-30,112.90594482421875,114.39154936137952,112.50978210307413,113.89634784899259,67469
2017-03-31,112.16314697265625,113.74779036346305,112.01458500185467,112.31170894345783,39546
2017-04-03,118.20460510253906,118.84836861041396,111.22226798038271,111.22226798038271,95729
2017-04-05,118.94740295410156,122.06717402458571,118.2541238522942,121.2253329563409,128644
2017-04-06,118.6502914428711,120.87869836228597,117.85796596016438,119.5416481656964,41587
2017-04-07,120.18540954589844,122.16621566138478,117.95700266597632,118.8483669291803,58627
2017-04-10,120.68061065673828,122.8099787347452,119.83876957180782,121.62149809204051,63023
2017-04-11,125.08790588378906,126.67254922273695,119.9378055869891,122.4138131654,130063
2017-04-12,122.31478118896484,127.41535103975829,120.3339750158642,127.41535103975829,72653
2017-04-13,121.22533416748047,123.40421784308,121.02724902485969,122.46333797320192,32294
2017-04-17,134.7443389892578,136.13089722475462,124.0975061216138,124.0975061216138,510760
2017-04-18,132.31785583496094,139.8944332547932,131.72360794964598,136.5765769344292,200401
2017-04-19,136.0813751220703,137.66602607143022,131.8226540313245,135.48714235032392,105812
2017-04-20,140.58770751953125,142.61803675976194,136.62609538731564,138.35930069516,223302
2017-04-21,139.20115661621094,143.21229213284457,137.36890486405986,141.8257187464635,123444
2017-04-24,145.78732299804688,148.46140815665953,139.6468272343268,139.6468272343268,285759
2017-04-25,143.85604858398438,146.97581226737103,143.1627694446042,146.97581226737103,77305
2017-04-26,141.38003540039062,147.17389928835937,139.6468300627326,144.45029090061104,102415
2017-04-27,139.00308227539062,143.01420277356252,138.5573887868363,143.01420277356252,54153
2017-04-28,139.74588012695312,141.62763992719903,138.75547705053916,141.528593574617,30668
2017-05-02,137.12130737304688,142.66757082654604,135.6357027100402,142.56852447073808,89548
2017-05-03,142.8161163330078,146.57965093350037,136.77466681464588,138.0621786856673,106571
2017-05-04,139.9934844970703,145.34165520233466,139.00308139518046,145.09405442686221,79497
2017-05-05,135.2395477294922,143.41037338919875,130.683687377321,139.69636172569577,72691
2017-05-08,138.0621795654297,140.5877103734555,134.64529205450125,135.190016756209,43655
2017-05-09,135.14048767089844,138.70594455128116,134.64528616597588,137.22034003651348,40678
2017-05-10,135.5366668701172,138.65643051168956,135.19001974889733,138.60690733546508,21745
2017-05-11,135.3385772705078,138.55738733838348,134.4967437047823,138.55738733838348,28749
2017-05-12,134.8928985595703,137.31938312062417,133.75394104489766,136.62610397637334,28233
2017-05-15,139.05258178710938,141.47908134272055,134.9919383608491,135.14049277299415,45344
2017-05-16,137.9136199951172,140.7362746360078,136.4775386442091,139.89442602736304,34615
2017-05-17,138.30978393554688,139.30018701453352,136.5765785473202,136.72514807657922,22306
2017-05-18,136.8241729736328,138.6069014556284,135.9328162888105,136.52706415359268,29921
2017-05-19,132.81304931640625,138.3592970895642,132.21880146711942,137.66601800696327,65883
2017-05-22,128.50479125976562,136.18041462980943,127.26678749040373,136.18041462980943,63453
2017-05-23,123.40422058105469,131.5750534362785,118.84836798615393,129.2476001849424,64335
2017-05-24,122.51285552978516,126.77159171130715,120.82917334983964,124.79078559081798,23102
2017-05-25,128.20767211914062,129.14855199651225,125.18694734282737,125.58311007504855,68598
2017-05-26,127.21726989746094,130.58464936524362,126.7715915434114,126.7715915434114,73081
2017-05-29,123.75086212158203,129.74280379248387,122.85950539237588,128.70287753350888,66301
2017-05-30,123.35470581054688,127.61344204850276,120.82917495098627,123.8994229671942,45581
2017-05-31,112.70787048339844,115.72859526213445,110.72706437687948,113.89635112483954,175533
2017-06-01,118.00652313232422,118.65028661631389,113.40114750830637,114.68867447628573,73962
2017-06-02,117.16468811035156,119.83877342040259,116.76852536466878,118.89789351105986,48050
2017-06-05,115.43148040771484,120.82917409695268,114.6886781079385,120.82917409695268,30089
2017-06-06,114.88675689697266,118.25412886898116,114.39155535862363,118.25412886898116,25809
2017-06-07,115.23339080810547,117.36275882975382,114.78771246793102,114.88675125950584,13389
2017-06-08,115.18387603759766,116.8675581752798,114.78771331220906,116.71899620873714,13518
2017-06-09,115.77812194824219,116.27332348988892,114.39155612039615,116.02572271906556,12630
2017-06-12,114.34203338623047,116.1247619655277,113.89635501949411,116.02572316805026,24175
2017-06-13,114.19347381591797,116.07523355161543,112.95547001286671,114.34202822734368,54954
2017-06-14,115.92668151855469,116.52092184497569,113.89635221742594,114.88675528018616,23514
2017-06-15,116.32283782958984,118.74932989064777,115.33243475720107,116.57043859768703,40744
2017-06-16,116.81803894042969,118.35316671951293,114.58963203566898,116.86756211633912,72814
2017-06-19,115.03531646728516,117.8579636656905,114.39155296964078,117.80844049041954,17789
2017-06-20,114.83723449707031,117.01612581424276,113.84683141367626,113.99539338742053,36925
2017-06-21,113.05451202392578,116.52092277113924,112.80691125626767,114.83723301735867,29570
2017-06-22,114.29251098632812,119.34356491983284,113.4011467495507,114.7877125005183,170548
2017-06-23,110.62802124023438,115.18388146251117,108.84530022628664,114.49059477138493,66841
2017-06-27,106.86449432373047,112.55931205933611,106.41880840202103,111.32130820376966,34970
2017-06-28,105.3788833618164,107.50825137661117,104.98272064061673,106.07216245678427,25076
2017-06-29,106.96353149414062,107.80537259188714,105.97312842475043,106.81496952249694,26946
2017-06-30,103.89328002929688,106.96352793089295,103.150477751999,106.96352793089295,43857
2017-07-03,102.06103515625,105.47792258367348,99.3869424443671,104.09135683190182,49214
2017-07-04,102.75431823730469,103.59615933331493,101.12015166494614,103.59615933331493,53000
2017-07-05,114.98579406738281,118.60076675744617,102.50671698869043,103.05144169564167,328201
2017-07-06,115.03531646728516,118.5512427824302,112.90594838561948,114.7877157032816,82782
2017-07-07,113.30210876464844,115.82763197129457,112.3117057292165,115.82763197129457,30186
2017-07-10,113.99539184570312,116.2733219291722,112.90594997993887,112.90594997993887,5327
2017-07-11,115.08483123779297,117.56083885957145,113.99538939544557,114.78771485688492,86784
2017-07-12,116.32283782958984,116.81803936578422,114.19347726889463,114.19347726889463,35440
2017-07-13,117.6598892211914,120.23493572440636,116.12476142087579,116.66948613871058,74717
2017-07-14,115.13435363769531,117.6598844173795,113.99538862810881,117.6598844173795,28892
2017-07-17,114.14395141601562,118.25412558127647,108.25105629596706,115.08483129025007,190308
2017-07-18,112.2621841430664,114.39155221060278,110.92514153755423,113.00498643014824,33012
2017-07-19,113.45067596435547,114.78771861262746,112.75738927386847,112.75738927386847,20881
2017-07-20,112.4107437133789,115.58003038150619,111.56890265054905,113.45066991557638,25871
2017-07-21,112.2126693725586,113.40115001840347,111.37082072922817,112.7573865201643,38162
2017-07-24,111.42034149169922,112.70786846029573,110.42993845621746,112.70786846029573,25646
2017-07-25,111.17274475097656,112.50978738596696,109.93474091187882,111.81650825854254,26494
2017-07-26,111.42034149169922,111.91554300944011,110.13281452310272,111.81650421712703,12152
2017-07-27,109.43953704833984,112.80690893029312,108.49865717310944,112.80690893029312,26138
2017-07-28,108.89481353759766,109.93473977414772,107.45873212157682,108.94433671311936,20886
2017-07-31,109.14241027832031,110.77657677999373,107.95392967138079,108.94433269588886,18606
2017-08-01,106.71592712402344,110.42993850885024,106.36928757267471,109.14241153964008,46066
2017-08-02,107.80537414550781,109.34050194765618,106.02265312861951,106.07216874909716,22815
2017-08-03,107.65680694580078,108.84529512221009,104.23991949549696,106.46832632556698,18075
2017-08-04,108.39961242675781,108.94433713490263,106.0226511160278,107.90441089432645,25112
2017-08-07,108.30057525634766,111.42034646870661,107.01305578641477,110.82610613210868,16216
2017-08-08,104.98272705078125,108.4491378496278,104.23992473674271,108.4491378496278,36813
2017-08-09,100.82303619384766,104.9827260920039,99.53550917213578,103.99232301566424,43326
2017-08-10,92.94932556152344,102.40767779597927,91.31515900319133,101.02111200235882,69862
2017-08-11,93.79116821289062,94.88061764071297,85.71938919375322,89.13627678123004,65395
2017-08-14,92.85028839111328,94.08829223632812,90.12667993164062,92.30556367674842,48190
2017-08-16,90.22571563720703,93.741649459644,89.28483576954531,91.21611867945118,84601
2017-08-17,91.95892333984375,93.69212870860399,90.52284191391271,90.62188070946387,38545
2017-08-18,90.57235717773438,91.8103610076989,89.33435334776985,91.8103610076989,36208
2017-08-21,90.07715606689453,92.10748537999923,89.63147770849388,91.56276066979774,24645
2017-08-22,88.4429931640625,91.11707830936723,86.16506318385815,90.72091558809143,31640
2017-08-23,90.17620086669922,91.11708074320774,88.44299552647516,88.44299552647516,20631
2017-08-24,90.67140197753906,91.81035943667646,90.1266772792055,91.71132064320915,27585
2017-08-28,92.25604248046875,93.49404625085567,89.43339539522164,91.06755432719208,23816
2017-08-29,91.6122817993164,93.09788636903505,90.42380116601173,93.04836319424086,17288
2017-08-30,92.6026840209961,93.04836236547186,90.77043991256443,90.96851749762577,10482
2017-08-31,92.6026840209961,93.54356388430071,91.11707946450952,91.9094049171059,19722
2017-09-01,98.29750061035156,98.74317895085024,92.30555926352243,92.50364440299163,72017
2017-09-04,100.27831268310547,102.01151808750481,98.29750650664906,98.8917468483508,72482
2017-09-05,105.42840576171875,106.46833202724594,100.08023512808154,101.66487855864723,65671
2017-09-06,103.19999694824219,105.27984944172883,102.06103946183617,105.27984944172883,23886
2017-09-07,112.80000305175781,113.44999694824219,105.0,105.0,166960
2017-09-08,105.9000015258789,114.5,104.5,113.5999984741211,156374
2017-09-11,105.6500015258789,109.5,104.75,109.5,51146
2017-09-12,106.44999694824219,108.69999694824219,105.25,106.5999984741211,41871
2017-09-13,104.9000015258789,107.55000305175781,104.05000305175781,106.0999984741211,35219
2017-09-14,103.94999694824219,106.25,102.25,104.05000305175781,24031
2017-09-15,101.6500015258789,104.94999694824219,101.0,104.5999984741211,19270
2017-09-18,102.19999694824219,103.94999694824219,101.69999694824219,103.0999984741211,42585
2017-09-19,102.0999984741211,103.0,100.69999694824219,102.0,41313
2017-09-20,103.44999694824219,104.44999694824219,102.1500015258789,103.0,29120
2017-09-21,103.19999694824219,104.94999694824219,102.0,104.94999694824219,23042
2017-09-22,99.25,102.94999694824219,99.05000305175781,102.94999694824219,22289
2017-09-25,96.69999694824219,101.5,96.30000305175781,97.44999694824219,36952
2017-09-26,96.0999984741211,99.5,95.05000305175781,99.5,16287
2017-09-27,95.75,98.0,95.0,95.3499984741211,17757
2017-09-28,96.5,97.69999694824219,94.0999984741211,96.44999694824219,16035
2017-09-29,94.3499984741211,98.80000305175781,94.05000305175781,98.80000305175781,34270
2017-10-03,94.6500015258789,96.19999694824219,94.4000015258789,96.19999694824219,29011
2017-10-04,95.19999694824219,95.80000305175781,94.3499984741211,95.69999694824219,8675
2017-10-05,97.44999694824219,98.4000015258789,94.69999694824219,96.0999984741211,33415
2017-10-06,98.6500015258789,100.80000305175781,97.5,97.5,23083
2017-10-09,98.3499984741211,101.0,97.5,97.5,36599
2017-10-10,98.80000305175781,101.5999984741211,97.5,101.5999984741211,27743
2017-10-11,100.0999984741211,102.44999694824219,99.25,99.9000015258789,49636
2017-10-12,100.5999984741211,101.9000015258789,99.55000305175781,101.9000015258789,30699
2017-10-13,103.69999694824219,104.0,100.30000305175781,101.0,43008
2017-10-16,103.8499984741211,108.5,102.05000305175781,104.0,27911
2017-10-17,103.19999694824219,103.5,101.9000015258789,103.0,13384
2017-10-18,104.6500015258789,105.9000015258789,103.0,103.5,52883
2017-10-19,106.5,107.5,104.94999694824219,104.94999694824219,45376
2017-10-23,106.19999694824219,108.0,105.05000305175781,106.5,54525
2017-10-24,110.55000305175781,111.80000305175781,105.30000305175781,105.30000305175781,111300
2017-10-25,110.75,114.0,110.0,111.44999694824219,79675
2017-10-26,108.0999984741211,111.80000305175781,107.5,109.0999984741211,23698
2017-10-27,106.94999694824219,108.94999694824219,106.5,107.0,30013
2017-10-30,108.6500015258789,110.5,106.5,106.5,42107
2017-10-31,110.9000015258789,112.5,108.0,108.0,88866
2017-11-01,110.94999694824219,113.1500015258789,110.19999694824219,111.0,44917
2017-11-02,109.75,111.94999694824219,108.30000305175781,110.0999984741211,19270
2017-11-03,110.19999694824219,113.80000305175781,109.30000305175781,110.9000015258789,56975
2017-11-06,110.80000305175781,112.0,107.80000305175781,109.3499984741211,31803
2017-11-07,108.19999694824219,114.0,107.5,110.0999984741211,66544
2017-11-08,104.5999984741211,109.0,103.44999694824219,109.0,28705
2017-11-09,106.25,108.9000015258789,105.0,105.0,23924
2017-11-10,104.1500015258789,106.0,103.30000305175781,106.0,24106
2017-11-13,104.55000305175781,106.0,103.0999984741211,103.1500015258789,20801
2017-11-14,102.3499984741211,105.5,101.5,103.19999694824219,23558
2017-11-15,94.0999984741211,99.69999694824219,93.0,99.69999694824219,167664
2017-11-16,94.69999694824219,96.0,93.80000305175781,95.19999694824219,23111
2017-11-17,94.94999694824219,96.0,93.05000305175781,96.0,66073
2017-11-20,95.94999694824219,97.0,93.55000305175781,95.5,24798
2017-11-21,96.30000305175781,97.44999694824219,95.5999984741211,95.94999694824219,34245
2017-11-22,96.6500015258789,98.94999694824219,95.3499984741211,95.3499984741211,39004
2017-11-23,97.4000015258789,99.44999694824219,95.6500015258789,97.0,23310
2017-11-24,98.05000305175781,98.80000305175781,97.0,97.30000305175781,17042
2017-11-27,98.6500015258789,99.80000305175781,97.0,98.0,61074
2017-11-28,99.0,99.94999694824219,98.0,99.69999694824219,33521
2017-11-29,100.44999694824219,102.94999694824219,98.05000305175781,98.3499984741211,81700
2017-11-30,98.69999694824219,100.55000305175781,98.05000305175781,100.55000305175781,38492
2017-12-01,99.55000305175781,100.9000015258789,96.0,99.3499984741211,29224
2017-12-04,98.69999694824219,100.25,97.0,99.5999984741211,38498
2017-12-05,97.8499984741211,99.5999984741211,96.5999984741211,98.1500015258789,21222
2017-12-06,99.0999984741211,100.8499984741211,97.3499984741211,98.05000305175781,40651
2017-12-07,100.25,100.5,98.69999694824219,99.0999984741211,19746
2017-12-08,100.3499984741211,100.94999694824219,99.0,100.94999694824219,39943
2017-12-11,99.25,100.69999694824219,98.5,98.55000305175781,19298
2017-12-12,98.55000305175781,99.69999694824219,98.30000305175781,98.55000305175781,7017
2017-12-13,97.6500015258789,100.19999694824219,97.3499984741211,100.19999694824219,13784
2017-12-14,96.75,99.3499984741211,96.0,99.3499984741211,22452
2017-12-15,96.94999694824219,98.19999694824219,96.05000305175781,97.5,45390
2017-12-18,97.80000305175781,99.44999694824219,93.0,97.5999984741211,47618
2017-12-19,100.0999984741211,101.0,98.5,99.75,37400
2017-12-20,99.05000305175781,101.0,98.8499984741211,99.25,19336
2017-12-21,105.5999984741211,107.69999694824219,100.80000305175781,100.94999694824219,250600
2017-12-22,104.1500015258789,106.80000305175781,103.0999984741211,105.1500015258789,86694
2017-12-26,107.8499984741211,109.69999694824219,104.0,104.1500015258789,108663
2017-12-27,106.44999694824219,109.80000305175781,105.5999984741211,109.0,118371
2017-12-28,108.44999694824219,111.75,106.6500015258789,107.94999694824219,123121
2017-12-29,108.6500015258789,111.4000015258789,108.0,109.3499984741211,44313
2018-01-01,108.9000015258789,110.55000305175781,106.80000305175781,108.55000305175781,49139
2018-01-02,109.05000305175781,110.0,106.80000305175781,109.5,40596
2018-01-03,108.3499984741211,110.25,107.0999984741211,110.25,26941
2018-01-04,109.5,111.4000015258789,106.25,108.0999984741211,47112
2018-01-05,110.05000305175781,111.3499984741211,109.4000015258789,110.4000015258789,30609
2018-01-08,111.5,112.0,110.0999984741211,111.0,55624
2018-01-09,116.80000305175781,119.94999694824219,115.0999984741211,119.94999694824219,326461
2018-01-10,116.44999694824219,119.0,113.5,118.30000305175781,145889
2018-01-11,115.8499984741211,117.9000015258789,115.5,117.9000015258789,71845
2018-01-12,117.05000305175781,119.4000015258789,115.5,119.0,126630
2018-01-15,116.80000305175781,118.80000305175781,116.5,117.5,59700
2018-01-16,112.3499984741211,118.0,111.0999984741211,118.0,62458
2018-01-17,108.69999694824219,113.0,106.0,111.19999694824219,70995
2018-01-18,106.75,112.5,105.55000305175781,111.9000015258789,42959
2018-01-19,104.44999694824219,108.0,93.9000015258789,106.80000305175781,83223
2018-01-22,105.6500015258789,107.75,102.6500015258789,107.75,24062
2018-01-23,105.75,108.80000305175781,105.0,105.75,22452
2018-01-24,105.94999694824219,107.3499984741211,103.5,105.9000015258789,25612
2018-01-25,104.0,107.0,102.9000015258789,107.0,30451
2018-01-29,102.4000015258789,105.94999694824219,100.0,104.0,16747
2018-01-30,102.94999694824219,104.80000305175781,100.55000305175781,102.4000015258789,19987
2018-01-31,100.05000305175781,104.6500015258789,98.5,104.6500015258789,45796
2018-02-01,101.05000305175781,102.0,99.0,101.0,16236
2018-02-02,93.80000305175781,99.6500015258789,92.19999694824219,99.0,64362
2018-02-05,90.80000305175781,96.5,90.0999984741211,93.80000305175781,51098
2018-02-06,88.55000305175781,89.75,86.1500015258789,89.75,35777
2018-02-07,91.5,92.5999984741211,90.0999984741211,91.5,24520
2018-02-08,94.8499984741211,96.0,91.5,94.0,15291
2018-02-09,96.5,98.5999984741211,90.05000305175781,90.05000305175781,44621
2018-02-12,96.75,98.5999984741211,96.5,97.19999694824219,19645
2018-02-14,97.94999694824219,101.8499984741211,96.0,96.0,77017
2018-02-15,94.69999694824219,99.69999694824219,93.5,99.69999694824219,21078
2018-02-16,89.19999694824219,94.30000305175781,87.6500015258789,93.1500015258789,46533
2018-02-19,88.55000305175781,90.0999984741211,86.0,90.0999984741211,36811
2018-02-20,86.55000305175781,89.9000015258789,86.0999984741211,89.9000015258789,31370
2018-02-21,87.19999694824219,88.0,86.5,87.75,19509
2018-02-22,87.30000305175781,87.94999694824219,86.8499984741211,87.19999694824219,14288
2018-02-23,88.75,89.5999984741211,87.1500015258789,88.75,19478
2018-02-26,88.8499984741211,90.0999984741211,88.0,90.0,66855
2018-02-27,88.80000305175781,89.8499984741211,88.55000305175781,88.9000015258789,15987
2018-02-28,87.5,89.0,86.19999694824219,89.0,18308
2018-03-01,87.55000305175781,88.5999984741211,86.30000305175781,88.5999984741211,14517
2018-03-05,84.5999984741211,86.5,84.0,86.5,26045
2018-03-06,81.1500015258789,85.9000015258789,80.0999984741211,84.94999694824219,27800
2018-03-07,76.5999984741211,81.19999694824219,75.0,81.0,55793
2018-03-08,76.5999984741211,78.4000015258789,75.0999984741211,77.05000305175781,28352
2018-03-09,77.6500015258789,79.0,76.80000305175781,77.69999694824219,12896
2018-03-12,76.4000015258789,79.1500015258789,75.5,78.94999694824219,14216
2018-03-13,79.0,79.9000015258789,75.75,76.4000015258789,30307
2018-03-14,79.75,80.69999694824219,78.5,78.5,6687
2018-03-15,82.55000305175781,83.9000015258789,79.19999694824219,79.75,17047
2018-03-16,79.5999984741211,83.19999694824219,79.19999694824219,80.6500015258789,48596
2018-03-19,77.9000015258789,81.0,76.44999694824219,79.69999694824219,30073
2018-03-20,77.9000015258789,79.4000015258789,76.3499984741211,78.5999984741211,20952
2018-03-21,77.30000305175781,79.0,76.1500015258789,79.0,22642
2018-03-22,75.5,78.4000015258789,75.25,78.4000015258789,26446
2018-03-23,72.5999984741211,74.69999694824219,70.30000305175781,70.30000305175781,21374
2018-03-26,74.1500015258789,75.5,71.05000305175781,73.6500015258789,52500
2018-03-27,74.0999984741211,75.44999694824219,72.19999694824219,75.44999694824219,17375
2018-03-28,72.19999694824219,75.30000305175781,71.05000305175781,74.0999984741211,19167
2018-04-02,77.3499984741211,78.4000015258789,72.0,74.0,18683
2018-04-03,78.5,79.19999694824219,74.75,77.94999694824219,13975
2018-04-04,79.94999694824219,81.9000015258789,77.25,77.25,45735
2018-04-05,82.0999984741211,82.80000305175781,78.5999984741211,80.5,13843
2018-04-06,81.1500015258789,83.9000015258789,79.0,83.9000015258789,24283
2018-04-09,81.55000305175781,83.9000015258789,80.9000015258789,82.5,21721
2018-04-10,83.19999694824219,83.9000015258789,80.80000305175781,82.5,11482
2018-04-11,84.94999694824219,85.5,81.5,84.94999694824219,18839
2018-04-12,83.44999694824219,85.3499984741211,83.0,84.44999694824219,7966
2018-04-13,81.3499984741211,84.6500015258789,80.80000305175781,84.30000305175781,10646
2018-04-16,81.69999694824219,82.5,79.30000305175781,81.5,9588
2018-04-17,80.3499984741211,82.4000015258789,80.0,80.80000305175781,11944
2018-04-18,80.8499984741211,82.4000015258789,80.05000305175781,81.4000015258789,5382
2018-04-19,81.80000305175781,82.44999694824219,80.9000015258789,80.9000015258789,7190
2018-04-20,81.75,83.19999694824219,79.30000305175781,80.0,5691
2018-04-23,79.94999694824219,82.8499984741211,79.5,82.8499984741211,10141
2018-04-24,79.05000305175781,81.30000305175781,77.4000015258789,79.6500015258789,13184
2018-04-25,78.9000015258789,79.0,77.4000015258789,77.5,15409
2018-04-26,76.6500015258789,79.3499984741211,76.0,78.0,8758
2018-04-27,77.19999694824219,78.4000015258789,76.0,77.05000305175781,28248
2018-04-30,77.05000305175781,79.4000015258789,76.6500015258789,77.05000305175781,6813
2018-05-02,76.6500015258789,78.0,76.0999984741211,77.3499984741211,15832
2018-05-03,75.0,77.19999694824219,74.0,76.5,7237
2018-05-04,72.3499984741211,74.0,72.0,73.80000305175781,18823
2018-05-07,71.80000305175781,75.1500015258789,71.19999694824219,72.5,14892
2018-05-08,71.0999984741211,73.4000015258789,71.0,71.5,12792
2018-05-09,72.30000305175781,73.30000305175781,71.0999984741211,71.0999984741211,6422
2018-05-10,72.0,73.44999694824219,71.6500015258789,72.1500015258789,8094
2018-05-11,71.1500015258789,72.05000305175781,70.5,72.0,5856
2018-05-14,67.5,73.0,67.1500015258789,71.3499984741211,18954
2018-05-15,67.5,68.9000015258789,66.1500015258789,68.05000305175781,13408
2018-05-16,65.75,68.9000015258789,65.0,67.0,26795
2018-05-17,65.8499984741211,70.80000305175781,65.0999984741211,66.5999984741211,16710
2018-05-18,64.80000305175781,67.5999984741211,64.25,66.5,13689
2018-05-21,63.849998474121094,66.05000305175781,63.04999923706055,66.05000305175781,10050
2018-05-22,65.1500015258789,66.0,63.5,64.0,7505
2018-05-23,64.4000015258789,66.4000015258789,64.19999694824219,64.5,13051
2018-05-24,66.0,68.0,65.0999984741211,65.5999984741211,7750
2018-05-25,64.75,66.5,64.0999984741211,64.55000305175781,8602
2018-05-28,67.75,68.0,65.0999984741211,65.0999984741211,6385
2018-05-29,67.9000015258789,69.3499984741211,66.80000305175781,69.3499984741211,6770
2018-05-30,65.94999694824219,68.3499984741211,65.5,67.0,8827
2018-05-31,68.80000305175781,71.75,68.5,70.0,29747
2018-06-01,67.3499984741211,69.69999694824219,67.0999984741211,69.6500015258789,2478
2018-06-04,65.55000305175781,69.44999694824219,65.3499984741211,66.0,2742
2018-06-05,62.0,65.75,60.099998474121094,65.6500015258789,7354
2018-06-06,64.0999984741211,65.0,60.04999923706055,60.04999923706055,15965
2018-06-07,65.8499984741211,66.44999694824219,63.5,65.75,7523
2018-06-08,66.30000305175781,66.94999694824219,64.55000305175781,66.0,8796
2018-06-11,66.69999694824219,68.80000305175781,66.30000305175781,68.69999694824219,7179
2018-06-12,68.1500015258789,69.25,66.3499984741211,68.80000305175781,12636
2018-06-13,68.5999984741211,69.80000305175781,68.0999984741211,69.05000305175781,3756
2018-06-14,68.0,69.0,67.5,69.0,2611
2018-06-15,67.1500015258789,69.05000305175781,67.0,69.05000305175781,3178
2018-06-18,68.0999984741211,72.0,66.30000305175781,69.80000305175781,2790
2018-06-19,66.30000305175781,67.94999694824219,65.75,67.94999694824219,5997
2018-06-20,67.3499984741211,69.0,66.05000305175781,66.05000305175781,8151
2018-06-21,67.1500015258789,68.5,66.4000015258789,66.4000015258789,3553
2018-06-22,65.3499984741211,68.80000305175781,63.45000076293945,65.5,4513
2018-06-25,66.05000305175781,67.0,65.05000305175781,65.5,6296
2018-06-26,65.75,66.30000305175781,64.5999984741211,66.0,6622
2018-06-27,64.19999694824219,67.69999694824219,63.04999923706055,67.69999694824219,6328
2018-06-28,62.349998474121094,63.75,62.0,63.45000076293945,5147
2018-06-29,63.54999923706055,65.4000015258789,62.70000076293945,62.75,3131
2018-07-02,64.69999694824219,65.0,63.5,64.30000305175781,10556
2018-07-03,64.0999984741211,65.4000015258789,63.5,64.5999984741211,10491
2018-07-04,64.30000305175781,65.0,63.849998474121094,64.75,7022
2018-07-05,63.45000076293945,64.19999694824219,62.650001525878906,64.19999694824219,9690
2018-07-06,63.04999923706055,63.95000076293945,62.0,63.04999923706055,26582
2018-07-09,64.30000305175781,64.80000305175781,63.29999923706055,63.79999923706055,7647
2018-07-10,64.9000015258789,67.0,64.80000305175781,64.80000305175781,10515
2018-07-11,64.3499984741211,66.30000305175781,64.0,66.30000305175781,3562
2018-07-12,63.900001525878906,65.6500015258789,63.79999923706055,65.44999694824219,8736
2018-07-13,63.70000076293945,65.44999694824219,63.400001525878906,64.5999984741211,2844
2018-07-16,62.150001525878906,63.5,62.04999923706055,63.400001525878906,4901
2018-07-17,62.54999923706055,63.599998474121094,62.29999923706055,63.599998474121094,5555
2018-07-18,62.5,63.0,61.599998474121094,62.650001525878906,4517
2018-07-19,61.25,63.650001525878906,60.599998474121094,61.0,4795
2018-07-20,60.900001525878906,62.5,60.150001525878906,61.099998474121094,5308
2018-07-23,62.29999923706055,63.0,61.5,61.5,4111
2018-07-24,64.75,65.0,62.599998474121094,63.0,12040
2018-07-25,64.1500015258789,65.4000015258789,63.5,65.4000015258789,6190
2018-07-26,64.69999694824219,65.0999984741211,63.150001525878906,64.0,7440
2018-07-27,64.8499984741211,65.0,62.650001525878906,62.650001525878906,6888
2018-07-30,64.55000305175781,65.69999694824219,63.20000076293945,63.20000076293945,17019
2018-07-31,64.94999694824219,66.5,63.04999923706055,64.9000015258789,12630
2018-08-01,66.19999694824219,67.5,65.5,65.5999984741211,15773
2018-08-02,66.3499984741211,67.44999694824219,64.5,67.44999694824219,14167
2018-08-03,68.4000015258789,70.0,65.25,65.25,38942
2018-08-06,70.5999984741211,73.6500015258789,68.55000305175781,70.94999694824219,14086
2018-08-07,71.5999984741211,73.9000015258789,70.55000305175781,72.5999984741211,13353
2018-08-08,70.75,73.0,69.75,73.0,7625
2018-08-09,71.69999694824219,73.0,70.5,71.9000015258789,9574
2018-08-10,71.19999694824219,73.0,70.4000015258789,71.25,13079
2018-08-13,69.6500015258789,72.75,68.5,72.75,5836
2018-08-14,68.9000015258789,71.55000305175781,68.0999984741211,69.94999694824219,7859
2018-08-16,65.69999694824219,68.0,65.0999984741211,67.0,17274
2018-08-17,67.1500015258789,67.4000015258789,65.0,65.3499984741211,3098
2018-08-20,65.75,67.19999694824219,65.30000305175781,66.19999694824219,9360
2018-08-21,65.8499984741211,67.55000305175781,65.30000305175781,65.30000305175781,3045
2018-08-23,64.75,67.05000305175781,64.25,65.0,3255
2018-08-24,65.1500015258789,66.3499984741211,64.5,64.5999984741211,7111
2018-08-27,65.05000305175781,67.0,65.0,65.44999694824219,5482
2018-08-28,64.55000305175781,65.3499984741211,64.44999694824219,65.30000305175781,5213
2018-08-29,63.650001525878906,64.9000015258789,63.400001525878906,64.30000305175781,4700
2018-08-30,64.25,64.5,63.400001525878906,63.599998474121094,3760
2018-08-31,65.44999694824219,66.1500015258789,63.599998474121094,63.599998474121094,5611
2018-09-03,64.0999984741211,65.9000015258789,64.0,64.69999694824219,9182
2018-09-04,63.5,64.75,63.5,64.05000305175781,4032
2018-09-05,63.400001525878906,64.3499984741211,63.25,64.3499984741211,1188
2018-09-06,64.5999984741211,64.80000305175781,63.20000076293945,63.400001525878906,15141
2018-09-07,64.5999984741211,65.0,63.5,64.05000305175781,9569
2018-09-10,65.05000305175781,65.5,64.0,64.80000305175781,17068
2018-09-11,65.0,65.25,64.55000305175781,64.55000305175781,6394
2018-09-12,64.80000305175781,65.05000305175781,64.5,64.75,18339
2018-09-14,67.6500015258789,70.05000305175781,64.69999694824219,64.69999694824219,9364
2018-09-17,69.44999694824219,71.0,67.5,67.75,35311
2018-09-18,67.80000305175781,71.9000015258789,67.5,68.55000305175781,11538
2018-09-19,66.5,67.55000305175781,65.5999984741211,67.0,14696
2018-09-21,64.1500015258789,68.05000305175781,64.0,67.0,24539
2018-09-24,61.349998474121094,63.75,58.650001525878906,62.20000076293945,7657
2018-09-25,60.70000076293945,61.0,59.349998474121094,60.0,50404
2018-09-26,60.599998474121094,62.099998474121094,59.79999923706055,60.349998474121094,9070
2018-09-27,60.79999923706055,62.0,60.099998474121094,60.099998474121094,6481
2018-09-28,57.599998474121094,60.0,56.0,60.0,13926
2018-10-01,55.400001525878906,57.5,53.0,56.25,40006
2018-10-03,56.150001525878906,58.900001525878906,55.0,55.5,4803
2018-10-04,54.95000076293945,55.849998474121094,54.5,55.0,4319
2018-10-05,53.20000076293945,54.650001525878906,52.29999923706055,54.650001525878906,15090
2018-10-08,51.75,53.900001525878906,50.5,52.849998474121094,4437
2018-10-09,52.349998474121094,53.25,51.20000076293945,53.0,5396
2018-10-10,52.95000076293945,53.400001525878906,51.349998474121094,52.0,17957
2018-10-11,52.25,52.400001525878906,48.75,48.75,6510
2018-10-12,54.150001525878906,54.5,51.54999923706055,53.70000076293945,10399
2018-10-15,55.20000076293945,55.400001525878906,54.099998474121094,54.150001525878906,3742
2018-10-16,56.5,57.29999923706055,54.099998474121094,54.29999923706055,3878
2018-10-17,55.0,58.0,53.099998474121094,56.04999923706055,4835
2018-10-19,55.349998474121094,56.650001525878906,54.5,56.650001525878906,2464
2018-10-22,52.79999923706055,57.349998474121094,52.400001525878906,57.349998474121094,2218
2018-10-23,51.349998474121094,53.5,51.099998474121094,53.04999923706055,2674
2018-10-24,52.79999923706055,55.0,50.650001525878906,51.150001525878906,2799
2018-10-25,51.599998474121094,52.79999923706055,51.04999923706055,51.70000076293945,822
2018-10-26,50.849998474121094,52.04999923706055,50.400001525878906,51.599998474121094,3146
2018-10-29,52.20000076293945,53.900001525878906,51.0,52.29999923706055,11075
2018-10-30,52.099998474121094,54.79999923706055,50.599998474121094,51.04999923706055,5565
2018-10-31,53.25,53.650001525878906,52.099998474121094,53.650001525878906,1060
2018-11-01,55.5,56.400001525878906,52.20000076293945,52.20000076293945,4847
2018-11-02,56.400001525878906,56.54999923706055,54.349998474121094,54.349998474121094,5125
2018-11-05,56.75,57.79999923706055,54.79999923706055,56.25,5734
2018-11-06,56.400001525878906,57.54999923706055,56.0,56.20000076293945,1414
2018-11-07,57.25,57.900001525878906,56.75,57.400001525878906,2782
2018-11-09,58.29999923706055,59.5,56.099998474121094,56.400001525878906,3488
2018-11-12,58.75,59.95000076293945,57.150001525878906,59.95000076293945,7511
2018-11-13,68.3499984741211,70.5,57.099998474121094,58.79999923706055,340644
2018-11-14,67.1500015258789,69.44999694824219,65.05000305175781,68.3499984741211,50302
2018-11-15,59.54999923706055,64.9000015258789,58.650001525878906,64.9000015258789,139759
2018-11-16,57.150001525878906,60.0,56.79999923706055,60.0,20430
2018-11-19,57.45000076293945,59.70000076293945,56.25,59.0,4775
2018-11-20,53.79999923706055,57.95000076293945,52.70000076293945,57.95000076293945,19023
2018-11-21,53.29999923706055,56.849998474121094,52.79999923706055,54.900001525878906,11043
2018-11-22,53.75,56.25,53.5,56.25,5860
2018-11-26,52.900001525878906,54.95000076293945,52.25,54.95000076293945,5652
2018-11-27,52.75,53.849998474121094,51.5,53.5,9776
2018-11-28,52.45000076293945,55.5,52.099998474121094,53.0,4049
2018-11-29,51.650001525878906,54.849998474121094,51.5,53.0,4958
2018-11-30,51.400001525878906,52.5,51.150001525878906,52.5,8607
2018-12-03,51.29999923706055,51.70000076293945,50.79999923706055,51.70000076293945,3744
2018-12-04,51.20000076293945,53.0,51.20000076293945,52.0,2344
2018-12-05,50.400001525878906,51.45000076293945,50.25,51.0,2501
2018-12-06,50.900001525878906,51.20000076293945,50.150001525878906,50.25,3164
2018-12-07,50.150001525878906,51.79999923706055,49.79999923706055,51.79999923706055,6680
2018-12-10,49.0,51.0,48.5,49.54999923706055,12194
2018-12-11,49.95000076293945,50.650001525878906,48.5,49.0,14857
2018-12-12,51.45000076293945,52.650001525878906,49.5,50.650001525878906,3858
2018-12-13,52.849998474121094,53.099998474121094,51.29999923706055,51.29999923706055,6209
2018-12-14,51.54999923706055,53.349998474121094,51.150001525878906,52.5,10037
2018-12-17,52.95000076293945,54.0,51.400001525878906,51.70000076293945,8906
2018-12-18,52.849998474121094,53.29999923706055,52.20000076293945,53.20000076293945,3145
2018-12-19,54.70000076293945,60.0,52.20000076293945,53.5,34616
2018-12-20,54.45000076293945,55.75,53.849998474121094,55.75,5021
2018-12-21,52.900001525878906,56.599998474121094,52.599998474121094,54.099998474121094,3677
2018-12-24,51.0,56.0,50.0,56.0,25494
2018-12-26,50.400001525878906,52.599998474121094,50.0,52.400001525878906,10964
2018-12-27,51.20000076293945,51.95000076293945,50.79999923706055,51.0,2505
2018-12-28,51.900001525878906,52.20000076293945,50.25,50.25,4830
2018-12-31,52.400001525878906,52.79999923706055,51.70000076293945,51.900001525878906,5409
2019-01-01,53.79999923706055,54.5,51.0,52.75,11285
2019-01-02,52.099998474121094,54.95000076293945,52.0,54.95000076293945,5710
2019-01-03,52.95000076293945,54.900001525878906,51.25,51.25,8491
2019-01-04,51.45000076293945,54.0,51.04999923706055,54.0,3648
2019-01-07,52.54999923706055,53.650001525878906,51.650001525878906,52.0,10917
2019-01-08,51.75,52.70000076293945,50.5,52.5,4397
2019-01-09,51.5,53.650001525878906,51.5,51.79999923706055,2495
2019-01-10,52.54999923706055,53.70000076293945,51.400001525878906,53.5,6346
2019-01-11,52.650001525878906,54.400001525878906,52.04999923706055,54.29999923706055,4427
2019-01-14,53.45000076293945,56.0,51.150001525878906,55.79999923706055,3721
2019-01-15,53.04999923706055,53.79999923706055,51.650001525878906,52.5,6437
2019-01-16,59.70000076293945,63.650001525878906,56.0,58.45000076293945,434498
2019-01-17,57.54999923706055,61.0,56.70000076293945,61.0,51852
2019-01-18,57.04999923706055,57.849998474121094,55.20000076293945,57.849998474121094,28229
2019-01-21,55.75,58.0,55.0,56.0,18500
2019-01-22,55.45000076293945,56.5,54.54999923706055,55.25,10837
2019-01-23,55.20000076293945,56.0,55.04999923706055,55.54999923706055,1718
2019-01-24,53.45000076293945,55.349998474121094,53.0,55.349998474121094,13292
2019-01-25,49.54999923706055,54.54999923706055,48.849998474121094,53.099998474121094,44270
2019-01-28,48.650001525878906,51.0,47.25,47.79999923706055,9024
2019-01-29,48.349998474121094,49.70000076293945,47.70000076293945,49.650001525878906,10165
2019-01-30,47.349998474121094,49.04999923706055,46.5,49.04999923706055,23465
2019-01-31,47.25,47.849998474121094,46.5,47.849998474121094,18897
2019-02-01,47.54999923706055,48.0,47.0,47.95000076293945,3677
2019-02-04,46.95000076293945,49.5,46.5,47.95000076293945,10772
2019-02-05,44.45000076293945,47.099998474121094,44.099998474121094,46.5,26341
2019-02-06,45.25,45.5,44.0,44.900001525878906,15003
2019-02-07,44.599998474121094,46.29999923706055,44.150001525878906,45.04999923706055,20581
2019-02-08,43.900001525878906,45.099998474121094,43.0,44.25,22288
2019-02-11,42.79999923706055,43.95000076293945,41.5,43.95000076293945,33495
2019-02-12,42.25,43.0,42.04999923706055,42.75,5381
2019-02-14,41.75,42.79999923706055,40.0,41.099998474121094,37430
2019-02-15,37.54999923706055,41.099998474121094,36.20000076293945,40.25,83428
2019-02-18,37.95000076293945,38.5,36.599998474121094,36.650001525878906,19168
2019-02-19,38.0,38.349998474121094,37.04999923706055,38.04999923706055,14366
2019-02-20,37.45000076293945,38.29999923706055,37.04999923706055,38.0,4690
2019-02-21,38.75,39.599998474121094,36.79999923706055,38.25,16031
2019-02-22,40.5,40.95000076293945,38.150001525878906,38.849998474121094,20069
2019-02-25,40.95000076293945,41.29999923706055,40.0,41.0,7288
2019-02-26,39.79999923706055,40.900001525878906,39.0,40.900001525878906,2436
2019-02-27,39.25,41.79999923706055,38.5,41.75,4953
2019-02-28,40.04999923706055,40.79999923706055,39.099998474121094,39.150001525878906,5293
2019-03-01,41.900001525878906,42.5,40.0,40.099998474121094,4722
2019-03-05,43.95000076293945,44.400001525878906,41.75,42.0,17186
2019-03-06,44.95000076293945,45.5,44.20000076293945,44.5,16500
2019-03-07,43.25,45.0,42.599998474121094,44.95000076293945,9419
2019-03-08,43.20000076293945,43.900001525878906,43.0,43.20000076293945,3803
2019-03-11,43.150001525878906,44.0,42.5,43.0,7857
2019-03-12,44.29999923706055,44.5,43.54999923706055,44.349998474121094,4983
2019-03-13,44.400001525878906,44.900001525878906,43.29999923706055,43.29999923706055,13455
2019-03-14,44.0,45.45000076293945,43.95000076293945,45.45000076293945,5253
2019-03-15,43.900001525878906,45.0,43.599998474121094,44.79999923706055,20023
2019-03-18,43.25,45.20000076293945,42.650001525878906,44.95000076293945,2775
2019-03-19,42.54999923706055,43.5,41.75,43.5,8516
2019-03-20,43.0,43.0,41.900001525878906,42.20000076293945,6069
2019-03-22,43.79999923706055,44.79999923706055,41.599998474121094,42.25,69935
2019-03-25,44.400001525878906,45.5,42.54999923706055,43.5,38777
2019-03-26,44.04999923706055,44.849998474121094,43.849998474121094,43.900001525878906,5600
2019-03-27,42.54999923706055,44.599998474121094,41.349998474121094,44.29999923706055,9700
2019-03-28,42.45000076293945,43.099998474121094,42.04999923706055,43.099998474121094,3489
2019-04-01,43.099998474121094,43.95000076293945,42.79999923706055,43.0,8464
2019-04-02,42.45000076293945,43.0,42.25,42.70000076293945,6037
2019-04-03,43.20000076293945,43.79999923706055,42.25,42.79999923706055,7231
2019-04-04,41.849998474121094,43.20000076293945,41.75,43.20000076293945,3472
2019-04-05,42.150001525878906,42.900001525878906,41.75,41.95000076293945,5442
2019-04-08,42.04999923706055,42.5,41.849998474121094,42.400001525878906,5217
2019-04-09,42.0,42.349998474121094,41.54999923706055,41.70000076293945,6965
2019-04-10,41.75,43.150001525878906,41.54999923706055,42.400001525878906,6090
2019-04-11,41.650001525878906,42.5,40.349998474121094,41.54999923706055,9022
2019-04-12,41.900001525878906,42.849998474121094,41.29999923706055,42.849998474121094,4450
2019-04-15,42.04999923706055,42.70000076293945,41.599998474121094,42.650001525878906,1888
2019-04-16,41.45000076293945,42.5,41.099998474121094,41.849998474121094,5380
2019-04-18,41.849998474121094,42.45000076293945,41.0,42.45000076293945,10385
2019-04-22,41.54999923706055,42.0,41.5,41.54999923706055,3031
2019-04-23,41.20000076293945,42.349998474121094,41.0,42.150001525878906,6680
2019-04-24,41.54999923706055,42.0,40.900001525878906,40.900001525878906,938
2019-04-25,41.20000076293945,42.349998474121094,41.0,41.25,4503
2019-04-26,41.099998474121094,41.599998474121094,41.04999923706055,41.599998474121094,4802
2019-04-30,40.599998474121094,42.04999923706055,40.5,42.04999923706055,7238
2019-05-02,40.150001525878906,40.70000076293945,39.900001525878906,40.650001525878906,6361
2019-05-03,39.70000076293945,40.5,39.54999923706055,40.04999923706055,5881
2019-05-06,40.349998474121094,40.45000076293945,39.29999923706055,40.0,2044
2019-05-07,39.79999923706055,40.45000076293945,39.70000076293945,40.45000076293945,3707
2019-05-08,38.900001525878906,39.900001525878906,38.54999923706055,39.75,2560
2019-05-09,38.900001525878906,39.900001525878906,37.900001525878906,38.0,18194
2019-05-10,38.95000076293945,39.25,38.099998474121094,38.650001525878906,4510
2019-05-13,40.099998474121094,40.5,38.5,40.04999923706055,6848
2019-05-14,38.54999923706055,39.04999923706055,38.5,39.04999923706055,4392
2019-05-15,38.900001525878906,39.900001525878906,37.25,38.099998474121094,3286
2019-05-16,38.45000076293945,38.95000076293945,38.0,38.25,4401
2019-05-17,38.599998474121094,39.54999923706055,38.04999923706055,38.29999923706055,5951
2019-05-20,40.150001525878906,41.04999923706055,38.5,40.0,11327
2019-05-21,38.79999923706055,41.45000076293945,38.70000076293945,41.45000076293945,3862
2019-05-22,39.099998474121094,39.5,38.5,38.70000076293945,2034
2019-05-23,38.95000076293945,40.150001525878906,38.5,39.0,12973
2019-05-24,40.29999923706055,40.5,38.70000076293945,38.75,12888
2019-05-27,40.75,41.5,40.0,40.45000076293945,11448
2019-05-28,41.0,41.75,40.5,41.45000076293945,10691
2019-05-29,40.5,42.150001525878906,40.099998474121094,40.099998474121094,10644
2019-05-30,41.95000076293945,42.20000076293945,39.79999923706055,39.849998474121094,18022
2019-05-31,39.400001525878906,40.099998474121094,38.79999923706055,40.099998474121094,8962
2019-06-03,39.54999923706055,40.5,38.5,39.400001525878906,6147
2019-06-04,39.650001525878906,41.0,39.0,40.95000076293945,6976
2019-06-06,39.400001525878906,40.20000076293945,39.099998474121094,40.04999923706055,3189
2019-06-07,38.70000076293945,39.400001525878906,38.099998474121094,39.400001525878906,5680
2019-06-10,37.75,39.150001525878906,37.650001525878906,38.70000076293945,5035
2019-06-11,36.599998474121094,37.45000076293945,36.349998474121094,37.349998474121094,7206
2019-06-12,36.599998474121094,37.04999923706055,36.54999923706055,36.75,3151
2019-06-13,36.54999923706055,37.400001525878906,36.29999923706055,37.400001525878906,8938
2019-06-14,36.599998474121094,37.0,34.70000076293945,36.54999923706055,12750
2019-06-17,34.900001525878906,37.150001525878906,34.650001525878906,36.599998474121094,7408
2019-06-18,34.29999923706055,36.900001525878906,34.29999923706055,36.900001525878906,6921
2019-06-19,32.75,35.099998474121094,32.5,34.95000076293945,5779
2019-06-20,32.75,33.5,32.150001525878906,32.54999923706055,5076
2019-06-21,34.849998474121094,35.5,32.25,32.79999923706055,4396
2019-06-24,34.5,35.45000076293945,33.650001525878906,35.0,4522
2019-06-25,34.150001525878906,34.849998474121094,33.45000076293945,34.20000076293945,5411
2019-06-26,34.849998474121094,35.20000076293945,33.5,33.5,9610
2019-06-27,34.599998474121094,34.95000076293945,34.0,34.599998474121094,1144
2019-06-28,33.75,34.75,33.29999923706055,34.75,2038
2019-07-01,33.150001525878906,34.20000076293945,33.0,33.599998474121094,3824
2019-07-02,33.45000076293945,33.5,32.45000076293945,33.150001525878906,4947
2019-07-03,33.099998474121094,34.349998474121094,31.649999618530273,33.54999923706055,25614
2019-07-04,32.650001525878906,33.900001525878906,32.5,33.849998474121094,4229
2019-07-05,32.75,33.150001525878906,32.0,33.0,3131
2019-07-08,30.25,32.04999923706055,28.200000762939453,31.549999237060547,15790
2019-07-09,30.5,31.950000762939453,30.0,30.25,8628
2019-07-10,30.5,30.950000762939453,30.0,30.950000762939453,5202
2019-07-11,30.299999237060547,31.799999237060547,29.700000762939453,31.100000381469727,3492
2019-07-12,30.450000762939453,31.450000762939453,30.200000762939453,31.399999618530273,3981
2019-07-15,30.149999618530273,31.549999237060547,29.75,31.149999618530273,5633
2019-07-16,30.149999618530273,30.600000381469727,29.600000381469727,30.5,20613
2019-07-17,30.149999618530273,30.200000762939453,29.200000762939453,29.950000762939453,16738
2019-07-18,30.0,30.200000762939453,29.200000762939453,29.799999237060547,8627
2019-07-19,29.100000381469727,29.850000381469727,28.600000381469727,29.0,4467
2019-07-22,28.200000762939453,29.0,26.200000762939453,29.0,20068
2019-07-23,27.549999237060547,28.600000381469727,27.200000762939453,28.0,5018
2019-07-24,26.450000762939453,27.799999237060547,26.200000762939453,27.549999237060547,9252
2019-07-25,26.799999237060547,28.5,25.850000381469727,26.299999237060547,12478
2019-07-26,27.399999618530273,27.899999618530273,26.649999618530273,27.149999618530273,6493
2019-07-29,27.299999237060547,27.450000762939453,26.649999618530273,27.049999237060547,3625
2019-07-30,26.149999618530273,27.049999237060547,25.799999237060547,27.049999237060547,3790
2019-07-31,25.25,27.75,25.0,27.75,18584
2019-08-01,25.600000381469727,26.950000762939453,22.5,24.5,11172
2019-08-02,25.649999618530273,26.399999618530273,24.5,24.5,7247
2019-08-05,25.700000762939453,25.950000762939453,23.600000381469727,24.549999237060547,7264
2019-08-06,26.25,26.899999618530273,23.200000762939453,24.5,5404
2019-08-07,26.450000762939453,26.850000381469727,25.350000381469727,25.799999237060547,7031
2019-08-08,26.299999237060547,26.549999237060547,25.549999237060547,25.549999237060547,7291
2019-08-09,26.700000762939453,27.399999618530273,26.350000381469727,26.350000381469727,1571
2019-08-13,25.799999237060547,27.0,24.149999618530273,26.350000381469727,5896
2019-08-14,24.600000381469727,28.049999237060547,24.0,26.0,11828
2019-08-16,24.850000381469727,25.549999237060547,23.100000381469727,23.549999237060547,3404
2019-08-19,24.950000762939453,25.549999237060547,24.200000762939453,25.100000381469727,2150
2019-08-20,24.950000762939453,26.0,24.5,26.0,1810
2019-08-21,24.149999618530273,25.0,23.5,25.0,18615
2019-08-22,22.649999618530273,23.950000762939453,22.549999237060547,23.600000381469727,3466
2019-08-23,22.950000762939453,23.450000762939453,22.0,22.450000762939453,6604
2019-08-26,23.200000762939453,23.700000762939453,22.100000381469727,22.700000762939453,6843
2019-08-27,24.649999618530273,25.0,22.850000381469727,23.0,4299
2019-08-28,24.600000381469727,25.0,23.0,24.049999237060547,8105
2019-08-29,24.0,24.5,23.100000381469727,24.0,1056
2019-08-30,24.200000762939453,24.5,23.0,24.0,6121
2019-09-03,24.049999237060547,24.5,23.0,23.700000762939453,3970
2019-09-04,24.149999618530273,24.450000762939453,22.049999237060547,23.0,2254
2019-09-05,24.399999618530273,25.0,22.75,23.549999237060547,12968
2019-09-06,24.75,25.200000762939453,24.25,24.399999618530273,4814
2019-09-09,25.049999237060547,25.25,23.700000762939453,24.75,17799
2019-09-11,26.049999237060547,26.5,24.799999237060547,25.5,14210
2019-09-12,27.049999237060547,27.799999237060547,26.799999237060547,27.350000381469727,6472
2019-09-13,27.850000381469727,28.0,26.100000381469727,27.350000381469727,14966
2019-09-16,28.100000381469727,28.399999618530273,27.100000381469727,28.049999237060547,9574
2019-09-17,27.399999618530273,28.700000762939453,27.25,27.950000762939453,7996
2019-09-18,27.450000762939453,28.850000381469727,27.0,27.950000762939453,11746
2019-09-19,26.700000762939453,27.649999618530273,26.600000381469727,27.25,5059
2019-09-20,28.850000381469727,29.0,26.200000762939453,26.700000762939453,11137
2019-09-23,29.350000381469727,29.700000762939453,27.75,27.75,4278
2019-09-24,29.200000762939453,29.549999237060547,28.5,28.899999618530273,5650
2019-09-25,28.850000381469727,30.5,28.200000762939453,30.0,10896
2019-09-26,28.049999237060547,29.75,28.0,28.100000381469727,6867
2019-09-27,27.600000381469727,28.799999237060547,27.399999618530273,28.799999237060547,6621
2019-09-30,25.899999618530273,27.25,25.299999237060547,27.25,19385
2019-10-01,24.799999237060547,26.0,24.350000381469727,25.5,3736
2019-10-03,24.100000381469727,25.350000381469727,23.049999237060547,24.950000762939453,5296
2019-10-04,24.5,24.5,23.5,24.0,7924
2019-10-07,24.0,25.75,24.0,24.0,1766
2019-10-09,24.049999237060547,24.25,23.100000381469727,23.700000762939453,17206
2019-10-10,24.299999237060547,24.450000762939453,22.399999618530273,24.0,21283
2019-10-11,23.899999618530273,26.399999618530273,23.450000762939453,23.5,5139
2019-10-14,22.600000381469727,24.0,22.5,23.649999618530273,7657
2019-10-15,22.850000381469727,23.049999237060547,20.350000381469727,22.399999618530273,6583
2019-10-16,23.200000762939453,23.75,22.100000381469727,22.100000381469727,12021
2019-10-17,23.149999618530273,23.350000381469727,21.399999618530273,22.299999237060547,8962
2019-10-18,23.950000762939453,24.5,22.549999237060547,22.549999237060547,6924
2019-10-22,24.5,24.899999618530273,23.100000381469727,24.0,7552
2019-10-23,24.799999237060547,26.0,23.899999618530273,24.0,7891
2019-10-24,24.5,24.950000762939453,23.399999618530273,23.5,17528
2019-10-25,24.700000762939453,24.899999618530273,23.600000381469727,23.600000381469727,10121
2019-10-27,25.299999237060547,25.5,24.600000381469727,24.600000381469727,1620
2019-10-29,25.350000381469727,25.5,24.049999237060547,24.049999237060547,15703
2019-10-30,25.75,25.950000762939453,24.950000762939453,24.950000762939453,2534
2019-10-31,26.200000762939453,26.700000762939453,25.100000381469727,26.0,10798
2019-11-01,26.450000762939453,27.0,25.950000762939453,26.700000762939453,13060
2019-11-04,26.700000762939453,26.899999618530273,25.399999618530273,25.399999618530273,6987
2019-11-05,26.75,27.350000381469727,25.75,26.200000762939453,3391
2019-11-06,27.299999237060547,27.5,26.299999237060547,26.299999237060547,3620
2019-11-07,27.25,27.5,26.450000762939453,26.799999237060547,6014
2019-11-08,26.850000381469727,27.450000762939453,26.600000381469727,27.25,3892
2019-11-11,27.450000762939453,28.0,26.350000381469727,27.899999618530273,4357
2019-11-13,26.450000762939453,26.950000762939453,25.299999237060547,25.299999237060547,11581
2019-11-14,24.799999237060547,26.950000762939453,23.950000762939453,25.75,8948
2019-11-15,23.799999237060547,25.299999237060547,23.549999237060547,25.299999237060547,7116
2019-11-18,22.950000762939453,23.950000762939453,22.149999618530273,23.299999237060547,10088
2019-11-19,23.049999237060547,23.899999618530273,22.100000381469727,22.299999237060547,4673
2019-11-20,22.850000381469727,23.200000762939453,22.200000762939453,22.200000762939453,2406
2019-11-21,22.649999618530273,23.0,22.149999618530273,22.149999618530273,4293
2019-11-22,22.549999237060547,22.850000381469727,22.100000381469727,22.350000381469727,3318
2019-11-25,23.75,24.450000762939453,22.549999237060547,22.850000381469727,14894
2019-11-26,23.899999618530273,24.600000381469727,22.5,24.600000381469727,10842
2019-11-27,23.25,24.299999237060547,23.0,23.950000762939453,21421
2019-11-28,22.649999618530273,23.799999237060547,22.25,22.5,24037
2019-11-29,22.399999618530273,22.700000762939453,22.100000381469727,22.299999237060547,3686
2019-12-02,22.399999618530273,23.0,21.549999237060547,22.149999618530273,21302
2019-12-03,22.149999618530273,23.450000762939453,21.850000381469727,22.0,5519
2019-12-04,22.0,22.700000762939453,21.5,21.5,3135
2019-12-05,22.399999618530273,22.899999618530273,21.649999618530273,21.649999618530273,9947
2019-12-06,21.649999618530273,22.700000762939453,21.049999237060547,22.100000381469727,5757
2019-12-09,21.450000762939453,22.0,20.5,21.100000381469727,13286
2019-12-10,20.850000381469727,21.950000762939453,20.149999618530273,20.850000381469727,10861
2019-12-11,20.649999618530273,21.0,20.049999237060547,21.0,35654
2019-12-12,20.299999237060547,20.950000762939453,20.299999237060547,20.450000762939453,13248
2019-12-13,20.350000381469727,21.799999237060547,19.200000762939453,20.299999237060547,35085
2019-12-16,20.5,20.600000381469727,19.799999237060547,20.0,7017
2019-12-17,20.799999237060547,21.0,19.5,20.899999618530273,12224
2019-12-18,20.5,20.950000762939453,20.100000381469727,20.399999618530273,7846
2019-12-19,21.399999618530273,21.649999618530273,20.299999237060547,20.5,18403
2019-12-20,21.600000381469727,21.700000762939453,20.700000762939453,20.899999618530273,3135
2019-12-23,20.850000381469727,23.0,20.399999618530273,20.399999618530273,966
2019-12-24,20.950000762939453,21.950000762939453,20.799999237060547,20.799999237060547,15299
2019-12-26,21.100000381469727,21.200000762939453,20.549999237060547,20.549999237060547,1983
2019-12-27,22.399999618530273,23.899999618530273,20.799999237060547,23.899999618530273,1864
2019-12-30,23.299999237060547,23.700000762939453,21.850000381469727,23.700000762939453,9278
2019-12-31,22.75,23.899999618530273,22.100000381469727,23.899999618530273,6547
2020-01-01,27.299999237060547,27.299999237060547,23.0,24.5,55428
2020-01-02,29.25,31.350000381469727,28.350000381469727,30.350000381469727,144915
2020-01-03,27.950000762939453,28.899999618530273,27.5,28.5,22156
2020-01-06,25.799999237060547,27.5,24.450000762939453,27.100000381469727,12124
2020-01-07,27.549999237060547,28.600000381469727,26.850000381469727,27.399999618530273,6163
2020-01-08,27.350000381469727,27.899999618530273,25.25,27.100000381469727,6711
2020-01-09,27.200000762939453,28.5,26.549999237060547,26.549999237060547,3442
2020-01-10,26.75,28.899999618530273,25.049999237060547,28.399999618530273,4673
2020-01-13,27.799999237060547,28.399999618530273,26.0,26.0,14756
2020-01-14,27.899999618530273,28.649999618530273,26.649999618530273,26.700000762939453,6151
2020-01-15,29.850000381469727,30.100000381469727,26.75,26.75,20887
2020-01-16,30.100000381469727,31.850000381469727,29.5,30.0,87650
2020-01-17,30.5,31.299999237060547,30.100000381469727,30.100000381469727,28148
2020-01-20,28.549999237060547,31.0,27.850000381469727,30.5,5038
2020-01-21,27.600000381469727,29.399999618530273,26.75,28.149999618530273,12343
2020-01-22,27.799999237060547,29.399999618530273,27.450000762939453,29.399999618530273,6319
2020-01-23,28.850000381469727,29.450000762939453,28.0,29.450000762939453,20607
2020-01-24,29.899999618530273,30.5,28.950000762939453,29.899999618530273,28958
2020-01-27,28.549999237060547,30.450000762939453,28.149999618530273,28.149999618530273,10396
2020-01-28,28.0,29.600000381469727,27.75,28.600000381469727,21805
2020-01-29,28.299999237060547,28.75,27.100000381469727,27.100000381469727,5907
2020-01-30,27.399999618530273,28.649999618530273,26.049999237060547,27.200000762939453,22941
2020-01-31,26.700000762939453,28.0,26.700000762939453,27.0,2894
2020-02-03,25.049999237060547,25.549999237060547,24.149999618530273,24.149999618530273,6792
2020-02-04,26.299999237060547,29.600000381469727,25.299999237060547,25.5,13747
2020-02-05,26.299999237060547,26.950000762939453,25.299999237060547,26.950000762939453,2276
2020-02-06,26.549999237060547,27.600000381469727,25.549999237060547,25.549999237060547,7014
2020-02-07,26.100000381469727,27.049999237060547,25.649999618530273,26.350000381469727,1437
2020-02-10,25.0,26.100000381469727,24.25,25.5,3924
2020-02-11,24.450000762939453,25.899999618530273,24.200000762939453,25.0,11465
2020-02-12,23.899999618530273,25.5,23.850000381469727,24.25,7322
2020-02-13,23.5,24.5,23.100000381469727,24.049999237060547,3940
2020-02-14,25.700000762939453,27.149999618530273,23.450000762939453,23.450000762939453,20920
2020-02-17,26.25,27.350000381469727,25.600000381469727,26.899999618530273,6368
2020-02-18,26.399999618530273,26.75,25.0,25.450000762939453,20583
2020-02-19,27.25,28.0,26.149999618530273,26.850000381469727,8734
2020-02-20,26.649999618530273,28.700000762939453,25.100000381469727,27.0,23325
2020-02-24,26.549999237060547,28.799999237060547,25.649999618530273,25.700000762939453,9390
2020-02-25,26.0,26.950000762939453,25.350000381469727,25.75,3705
2020-02-26,26.0,26.149999618530273,24.25,26.149999618530273,5290
2020-02-27,25.299999237060547,26.0,24.450000762939453,26.0,3407
2020-02-28,23.950000762939453,26.0,22.850000381469727,25.25,8523
2020-03-02,24.200000762939453,25.899999618530273,23.149999618530273,23.700000762939453,9953
2020-03-03,23.149999618530273,25.600000381469727,22.299999237060547,22.299999237060547,2826
2020-03-04,22.700000762939453,24.899999618530273,21.649999618530273,21.649999618530273,17073
2020-03-05,23.75,24.149999618530273,22.200000762939453,22.200000762939453,3610
2020-03-06,22.049999237060547,22.75,19.549999237060547,22.75,13997
2020-03-09,20.399999618530273,21.600000381469727,20.350000381469727,21.350000381469727,14618
2020-03-11,20.75,21.350000381469727,19.5,19.5,19332
2020-03-12,18.350000381469727,20.0,18.0,18.799999237060547,4842
2020-03-13,19.950000762939453,21.75,16.149999618530273,16.149999618530273,17044
2020-03-16,18.25,19.649999618530273,17.299999237060547,18.549999237060547,7012
2020-03-17,18.649999618530273,19.799999237060547,16.600000381469727,16.600000381469727,34887
2020-03-18,17.350000381469727,19.450000762939453,16.549999237060547,18.600000381469727,12116
2020-03-19,18.049999237060547,19.5,14.649999618530273,16.299999237060547,21580
2020-03-20,18.299999237060547,21.0,16.0,16.799999237060547,4378
2020-03-23,16.75,18.950000762939453,16.0,18.299999237060547,3978
2020-03-24,17.600000381469727,18.75,15.100000381469727,18.700000762939453,3871
2020-03-25,17.799999237060547,18.0,15.149999618530273,18.0,8934
2020-03-26,17.75,20.0,16.25,19.450000762939453,8790
2020-03-27,17.899999618530273,20.899999618530273,16.75,20.899999618530273,17678
2020-03-30,16.899999618530273,18.950000762939453,16.299999237060547,16.299999237060547,3707
2020-03-31,17.850000381469727,18.899999618530273,16.549999237060547,18.899999618530273,5098
2020-04-01,17.75,18.299999237060547,17.0,17.899999618530273,8274
2020-04-03,17.899999618530273,18.450000762939453,17.649999618530273,17.700000762939453,3585
2020-04-07,18.700000762939453,19.450000762939453,17.399999618530273,17.450000762939453,4933
2020-04-08,18.100000381469727,19.399999618530273,16.100000381469727,19.100000381469727,19169
2020-04-09,19.149999618530273,19.899999618530273,17.75,17.799999237060547,2439
2020-04-13,19.450000762939453,20.049999237060547,18.399999618530273,20.0,774
2020-04-15,18.950000762939453,20.200000762939453,18.700000762939453,20.049999237060547,4863
2020-04-16,18.950000762939453,19.5,18.5,18.5,3475
2020-04-17,19.600000381469727,20.049999237060547,16.75,18.899999618530273,12377
2020-04-20,19.799999237060547,20.399999618530273,18.549999237060547,18.600000381469727,8972
2020-04-21,18.899999618530273,19.450000762939453,18.450000762939453,19.149999618530273,2838
2020-04-22,19.75,20.5,18.549999237060547,20.5,1749
2020-04-23,19.549999237060547,20.700000762939453,19.350000381469727,20.649999618530273,717
2020-04-24,19.25,21.5,18.850000381469727,19.100000381469727,2064
2020-04-27,19.399999618530273,20.350000381469727,19.0,20.350000381469727,7512
2020-04-28,19.200000762939453,20.950000762939453,18.200000762939453,18.850000381469727,10135
2020-04-29,19.799999237060547,20.450000762939453,19.0,19.0,7555
2020-04-30,20.600000381469727,22.5,20.049999237060547,20.75,28386
2020-05-04,20.450000762939453,21.649999618530273,19.049999237060547,19.350000381469727,7916
2020-05-05,20.299999237060547,20.899999618530273,19.600000381469727,20.0,5024
2020-05-06,20.5,20.75,19.25,19.649999618530273,2262
2020-05-07,20.25,21.149999618530273,19.350000381469727,20.049999237060547,3772
2020-05-08,20.899999618530273,21.5,19.75,19.75,6934
2020-05-11,20.350000381469727,21.399999618530273,20.100000381469727,20.350000381469727,1923
2020-05-12,20.700000762939453,21.0,19.75,19.799999237060547,1664
2020-05-13,21.549999237060547,21.850000381469727,20.100000381469727,20.600000381469727,5913
2020-05-14,21.149999618530273,21.649999618530273,20.700000762939453,21.350000381469727,2699
2020-05-15,21.950000762939453,22.350000381469727,20.350000381469727,20.350000381469727,5258
2020-05-18,21.5,22.399999618530273,20.200000762939453,21.600000381469727,5737
2020-05-19,20.549999237060547,21.950000762939453,20.350000381469727,20.649999618530273,1640
2020-05-20,19.850000381469727,20.5,19.75,19.75,8928
2020-05-21,20.200000762939453,20.600000381469727,20.200000762939453,20.600000381469727,171
2020-05-22,21.5,22.850000381469727,19.700000762939453,19.75,8084
2020-05-26,20.350000381469727,23.0,20.100000381469727,21.600000381469727,5067
2020-05-27,20.950000762939453,21.5,19.700000762939453,19.899999618530273,5151
2020-05-28,21.450000762939453,21.600000381469727,20.5,20.5,4669
2020-05-29,21.299999237060547,21.75,20.600000381469727,21.399999618530273,2606
2020-06-01,22.450000762939453,22.899999618530273,21.350000381469727,22.200000762939453,7813
2020-06-02,24.350000381469727,24.899999618530273,22.0,22.25,19149
2020-06-03,24.549999237060547,27.450000762939453,23.0,25.5,86640
2020-06-04,25.200000762939453,25.899999618530273,23.649999618530273,24.450000762939453,25928
2020-06-05,27.100000381469727,28.5,25.450000762939453,25.5,73968
2020-06-08,27.549999237060547,31.0,27.0,27.5,51297
2020-06-09,25.299999237060547,28.75,23.75,27.299999237060547,44985
2020-06-10,26.049999237060547,27.0,25.100000381469727,27.0,11710
2020-06-11,25.5,27.200000762939453,25.25,26.049999237060547,15744
2020-06-12,25.350000381469727,26.0,22.200000762939453,25.450000762939453,9449
2020-06-15,25.700000762939453,26.049999237060547,24.850000381469727,24.850000381469727,1006
2020-06-16,25.5,26.399999618530273,25.0,25.75,3971
2020-06-17,24.600000381469727,25.950000762939453,24.350000381469727,24.700000762939453,12344
2020-06-18,25.549999237060547,26.350000381469727,24.75,24.75,5738
2020-06-19,26.649999618530273,27.450000762939453,25.950000762939453,25.950000762939453,15028
2020-06-22,26.799999237060547,29.0,26.25,27.850000381469727,18342
2020-06-23,27.850000381469727,28.049999237060547,25.100000381469727,26.5,17980
2020-06-24,26.700000762939453,27.850000381469727,26.25,26.950000762939453,10982
2020-06-25,26.299999237060547,26.950000762939453,25.799999237060547,26.25,1537
2020-06-26,28.200000762939453,28.5,26.100000381469727,26.899999618530273,18969
2020-06-29,27.0,28.899999618530273,25.950000762939453,26.350000381469727,11143
2020-06-30,26.600000381469727,27.25,26.0,26.700000762939453,4896
2020-07-01,27.350000381469727,28.200000762939453,26.0,26.149999618530273,9790
2020-07-02,26.700000762939453,28.0,26.049999237060547,26.950000762939453,7799
2020-07-03,26.600000381469727,28.049999237060547,26.149999618530273,26.149999618530273,11053
2020-07-06,27.549999237060547,27.950000762939453,26.549999237060547,26.549999237060547,6248
2020-07-07,26.299999237060547,27.549999237060547,26.200000762939453,27.549999237060547,8457
2020-07-08,26.549999237060547,29.350000381469727,25.950000762939453,27.399999618530273,82933
2020-07-09,26.799999237060547,28.0,26.549999237060547,26.600000381469727,12911
2020-07-10,25.75,26.850000381469727,25.25,26.799999237060547,6219
2020-07-13,28.0,29.799999237060547,25.149999618530273,26.0,13477
2020-07-14,26.850000381469727,27.700000762939453,25.549999237060547,27.0,4228
2020-07-15,26.75,27.950000762939453,26.149999618530273,26.350000381469727,9084
2020-07-16,26.450000762939453,26.850000381469727,26.049999237060547,26.049999237060547,3760
2020-07-17,26.700000762939453,27.0,24.799999237060547,25.75,5522
2020-07-20,26.700000762939453,28.0,26.299999237060547,26.649999618530273,8561
2020-07-21,26.399999618530273,27.0,26.399999618530273,26.700000762939453,4045
2020-07-22,26.600000381469727,26.649999618530273,26.25,26.350000381469727,5210
2020-07-23,26.600000381469727,26.799999237060547,26.399999618530273,26.549999237060547,800
2020-07-24,25.799999237060547,26.950000762939453,25.299999237060547,26.950000762939453,2005
2020-07-27,25.0,26.25,24.549999237060547,26.25,3461
2020-07-28,25.100000381469727,25.75,24.200000762939453,24.75,2037
2020-07-29,24.899999618530273,26.0,24.200000762939453,25.049999237060547,2256
2020-07-30,24.200000762939453,25.799999237060547,24.149999618530273,24.850000381469727,2064
2020-07-31,24.299999237060547,24.899999618530273,24.0,24.25,2438
2020-08-03,24.700000762939453,24.899999618530273,24.0,24.25,1697
2020-08-04,24.25,25.100000381469727,23.549999237060547,25.100000381469727,3742
2020-08-05,24.100000381469727,25.450000762939453,23.799999237060547,24.600000381469727,8955
2020-08-06,24.350000381469727,24.799999237060547,24.0,24.799999237060547,3741
2020-08-07,24.600000381469727,24.850000381469727,23.950000762939453,24.149999618530273,13460
2020-08-10,26.25,27.5,24.700000762939453,24.700000762939453,13480
2020-08-11,25.799999237060547,27.549999237060547,23.75,27.549999237060547,9266
2020-08-12,26.149999618530273,26.5,25.049999237060547,25.049999237060547,6756
2020-08-13,26.25,27.100000381469727,25.450000762939453,27.100000381469727,8561
2020-08-14,26.549999237060547,27.850000381469727,24.299999237060547,26.899999618530273,18144
2020-08-17,27.049999237060547,27.799999237060547,26.0,26.0,6144
2020-08-18,27.100000381469727,27.5,26.549999237060547,27.149999618530273,6270
2020-08-19,27.75,28.299999237060547,26.600000381469727,27.25,16788
2020-08-20,26.700000762939453,27.600000381469727,26.200000762939453,27.600000381469727,28575
2020-08-21,26.899999618530273,27.950000762939453,26.200000762939453,26.450000762939453,25952
2020-08-24,27.600000381469727,28.399999618530273,26.149999618530273,26.649999618530273,24184
2020-08-25,27.700000762939453,28.700000762939453,26.5,26.950000762939453,16732
2020-08-26,27.950000762939453,28.149999618530273,27.200000762939453,28.0,4790
2020-08-27,28.200000762939453,28.950000762939453,27.399999618530273,27.950000762939453,25250
2020-08-28,28.100000381469727,29.399999618530273,27.899999618530273,28.100000381469727,11422
2020-08-31,26.799999237060547,29.799999237060547,25.75,29.799999237060547,19207
2020-09-01,26.950000762939453,27.75,25.700000762939453,25.700000762939453,2550
2020-09-02,26.850000381469727,27.5,26.350000381469727,26.700000762939453,2172
2020-09-03,27.600000381469727,28.200000762939453,27.049999237060547,27.850000381469727,7677
2020-09-04,26.600000381469727,27.899999618530273,26.200000762939453,27.899999618530273,3849
2020-09-07,26.0,26.850000381469727,25.549999237060547,25.549999237060547,2609
2020-09-08,26.049999237060547,26.600000381469727,25.700000762939453,26.0,1676
2020-09-09,25.600000381469727,26.649999618530273,24.149999618530273,25.299999237060547,1960
2020-09-10,25.950000762939453,26.450000762939453,24.399999618530273,24.399999618530273,1809
2020-09-11,25.75,26.049999237060547,25.0,25.450000762939453,1986
2020-09-14,26.600000381469727,29.25,25.149999618530273,25.549999237060547,2743
2020-09-15,26.5,27.100000381469727,26.149999618530273,26.399999618530273,2022
2020-09-16,26.100000381469727,26.350000381469727,25.700000762939453,26.299999237060547,2972
2020-09-17,26.0,26.799999237060547,24.299999237060547,26.299999237060547,9009
2020-09-18,26.0,26.600000381469727,25.200000762939453,25.75,5351
2020-09-21,25.450000762939453,25.850000381469727,25.100000381469727,25.600000381469727,1597
2020-09-22,25.350000381469727,25.700000762939453,25.049999237060547,25.049999237060547,745
2020-09-23,24.649999618530273,25.75,24.299999237060547,25.100000381469727,6524
2020-09-24,24.0,24.600000381469727,23.649999618530273,24.549999237060547,2444
2020-09-25,26.850000381469727,27.399999618530273,23.25,24.5,2880
2020-09-28,25.899999618530273,26.850000381469727,25.450000762939453,26.850000381469727,5982
2020-09-29,25.0,26.0,24.100000381469727,25.549999237060547,10389
2020-09-30,25.100000381469727,25.899999618530273,24.25,24.25,1090
2020-10-01,26.0,26.25,24.75,24.950000762939453,11382
2020-10-05,27.25,28.799999237060547,25.5,26.549999237060547,103967
2020-10-06,27.850000381469727,28.5,26.049999237060547,27.950000762939453,29063
2020-10-07,26.049999237060547,28.5,25.799999237060547,27.25,27459
2020-10-08,25.799999237060547,26.649999618530273,25.450000762939453,26.049999237060547,3270
2020-10-09,25.950000762939453,26.950000762939453,24.899999618530273,26.649999618530273,17188
2020-10-12,25.5,26.25,25.100000381469727,26.100000381469727,2453
2020-10-13,25.200000762939453,25.450000762939453,24.600000381469727,25.200000762939453,12192
2020-10-14,25.149999618530273,25.5,24.600000381469727,25.049999237060547,7655
2020-10-15,24.200000762939453,26.049999237060547,23.399999618530273,25.5,10837
2020-10-16,24.049999237060547,24.799999237060547,22.75,23.5,12113
2020-10-19,24.149999618530273,24.549999237060547,24.049999237060547,24.049999237060547,3634
2020-10-20,24.549999237060547,25.049999237060547,23.899999618530273,24.149999618530273,2389
2020-10-21,24.899999618530273,25.350000381469727,24.200000762939453,25.0,4009
2020-10-22,25.450000762939453,25.799999237060547,24.5,25.049999237060547,10354
2020-10-23,25.549999237060547,26.600000381469727,25.25,26.549999237060547,10916
2020-10-26,25.950000762939453,26.5,25.299999237060547,25.5,3059
2020-10-27,25.350000381469727,26.0,25.0,25.299999237060547,4105
2020-10-28,25.399999618530273,26.399999618530273,25.100000381469727,26.350000381469727,5296
2020-10-29,25.100000381469727,25.350000381469727,25.0,25.049999237060547,4055
2020-10-30,25.350000381469727,25.549999237060547,25.149999618530273,25.450000762939453,1961
2020-11-02,25.950000762939453,26.049999237060547,25.149999618530273,25.200000762939453,7810
2020-11-03,25.299999237060547,25.850000381469727,25.25,25.399999618530273,5260
2020-11-04,25.899999618530273,26.200000762939453,24.350000381469727,25.149999618530273,4897
2020-11-05,25.700000762939453,26.350000381469727,25.149999618530273,25.149999618530273,5803
2020-11-06,26.350000381469727,26.350000381469727,25.299999237060547,25.299999237060547,1087
2020-11-09,26.149999618530273,26.600000381469727,24.200000762939453,26.549999237060547,8587
2020-11-10,26.149999618530273,26.450000762939453,25.299999237060547,25.299999237060547,4425
2020-11-11,26.200000762939453,26.799999237060547,24.100000381469727,26.0,17592
2020-11-12,26.450000762939453,26.950000762939453,25.350000381469727,26.0,2702
2020-11-13,25.700000762939453,27.25,25.299999237060547,26.0,6987
2020-11-14,26.25,26.649999618530273,25.75,26.649999618530273,464
2020-11-17,26.200000762939453,26.850000381469727,25.450000762939453,26.0,4878
2020-11-18,26.350000381469727,26.899999618530273,25.600000381469727,26.899999618530273,5929
2020-11-19,26.299999237060547,27.649999618530273,26.0,26.549999237060547,13781
2020-11-20,26.450000762939453,26.899999618530273,25.75,26.0,9280
2020-11-23,26.899999618530273,27.950000762939453,26.299999237060547,27.0,6739
2020-11-24,26.399999618530273,26.899999618530273,26.0,26.899999618530273,8303
2020-11-25,26.049999237060547,26.850000381469727,25.649999618530273,26.850000381469727,13165
2020-11-26,27.149999618530273,28.25,26.0,27.600000381469727,10571
2020-11-27,27.700000762939453,28.5,27.0,27.0,45990
2020-12-01,28.25,29.0,27.950000762939453,28.950000762939453,20988
2020-12-02,28.200000762939453,29.5,27.950000762939453,28.799999237060547,48528
2020-12-03,29.100000381469727,29.549999237060547,28.450000762939453,29.25,13752
2020-12-04,30.450000762939453,31.799999237060547,28.75,29.549999237060547,48910
2020-12-07,31.700000762939453,32.900001525878906,30.049999237060547,30.450000762939453,39878
2020-12-08,32.900001525878906,33.5,30.299999237060547,32.45000076293945,35085
2020-12-09,35.900001525878906,37.650001525878906,32.400001525878906,33.45000076293945,171467
2020-12-10,35.400001525878906,36.400001525878906,33.54999923706055,36.400001525878906,19321
2020-12-11,37.099998474121094,38.0,34.25,34.25,34030
2020-12-14,37.5,38.400001525878906,36.25,37.0,35212
2020-12-15,37.79999923706055,38.45000076293945,35.400001525878906,37.04999923706055,33102
2020-12-16,41.45000076293945,42.45000076293945,37.900001525878906,37.95000076293945,79219
2020-12-17,43.5,43.5,39.400001525878906,41.099998474121094,66705
2020-12-18,43.79999923706055,44.95000076293945,41.349998474121094,43.5,16230
2020-12-21,41.650001525878906,44.5,41.650001525878906,43.79999923706055,31326
2020-12-22,41.349998474121094,42.79999923706055,39.599998474121094,39.75,18100
2020-12-23,43.400001525878906,43.400001525878906,41.5,42.0,13113
2020-12-24,45.54999923706055,45.54999923706055,43.54999923706055,45.54999923706055,32617
2020-12-28,47.79999923706055,47.79999923706055,46.5,47.0,22839
2020-12-29,47.5,49.400001525878906,46.349998474121094,47.79999923706055,32791
2020-12-30,46.5,47.0,45.150001525878906,46.150001525878906,26422
2020-12-31,45.70000076293945,46.45000076293945,44.29999923706055,45.20000076293945,9099
2021-01-01,46.25,47.25,44.099998474121094,45.70000076293945,8446
2021-01-04,48.54999923706055,48.54999923706055,45.0,47.95000076293945,33569
2021-01-05,50.95000076293945,50.95000076293945,49.5,50.95000076293945,60500
2021-01-06,52.75,53.45000076293945,50.0,53.349998474121094,63272
2021-01-07,55.04999923706055,55.349998474121094,53.849998474121094,54.5,61503
2021-01-08,56.349998474121094,57.79999923706055,56.099998474121094,57.70000076293945,62596
2021-01-11,56.79999923706055,59.0,53.54999923706055,57.150001525878906,43374
2021-01-12,54.849998474121094,57.0,54.0,54.04999923706055,36468
2021-01-13,53.04999923706055,54.849998474121094,52.150001525878906,54.849998474121094,40947
2021-01-14,51.29999923706055,53.29999923706055,50.400001525878906,51.0,39677
2021-01-15,49.5,53.400001525878906,48.79999923706055,53.400001525878906,13994
2021-01-18,47.099998474121094,49.0,47.04999923706055,49.0,8174
2021-01-19,47.54999923706055,48.599998474121094,45.20000076293945,45.20000076293945,9894
2021-01-20,47.599998474121094,49.45000076293945,46.54999923706055,48.0,7472
2021-01-21,48.0,48.5,46.349998474121094,47.5,10083
2021-01-22,47.0,49.25,46.04999923706055,46.900001525878906,8103
2021-01-25,44.650001525878906,46.45000076293945,44.650001525878906,45.599998474121094,7554
2021-01-27,42.70000076293945,44.900001525878906,42.54999923706055,44.900001525878906,8329
2021-01-28,41.400001525878906,44.79999923706055,41.25,42.650001525878906,14077
2021-01-29,42.849998474121094,43.45000076293945,39.54999923706055,43.400001525878906,15495
2021-02-01,43.0,43.75,41.650001525878906,43.75,8373
2021-02-02,43.849998474121094,44.849998474121094,42.0,44.849998474121094,4425
2021-02-03,43.70000076293945,44.45000076293945,43.099998474121094,43.349998474121094,9342
2021-02-04,45.849998474121094,45.849998474121094,44.0,44.54999923706055,9979
2021-02-05,45.45000076293945,47.900001525878906,43.79999923706055,46.70000076293945,18875
2021-02-08,44.0,45.349998474121094,43.75,45.29999923706055,12154
2021-02-09,43.599998474121094,44.75,42.150001525878906,44.29999923706055,8349
2021-02-10,44.099998474121094,45.0,42.150001525878906,42.29999923706055,6212
2021-02-11,44.95000076293945,45.75,43.45000076293945,44.849998474121094,6560
2021-02-12,43.849998474121094,44.95000076293945,43.150001525878906,43.150001525878906,5164
2021-02-15,45.349998474121094,45.900001525878906,42.75,43.0,21363
2021-02-16,46.349998474121094,47.0,43.599998474121094,44.900001525878906,40816
2021-02-17,46.04999923706055,46.70000076293945,45.400001525878906,46.349998474121094,50446
2021-02-18,47.099998474121094,48.349998474121094,45.0,46.099998474121094,52762
2021-02-19,45.650001525878906,47.900001525878906,45.349998474121094,46.849998474121094,74418
2021-02-22,47.650001525878906,47.900001525878906,46.5,47.04999923706055,50798
2021-02-23,46.04999923706055,47.29999923706055,45.29999923706055,47.29999923706055,70644
2021-02-24,46.400001525878906,47.0,44.400001525878906,45.45000076293945,38597
2021-02-25,46.349998474121094,47.54999923706055,45.95000076293945,46.25,81720
2021-02-26,46.45000076293945,47.400001525878906,44.900001525878906,45.849998474121094,65311
2021-03-01,46.849998474121094,47.900001525878906,46.25,46.70000076293945,69967
2021-03-02,49.150001525878906,49.150001525878906,47.25,47.29999923706055,49119
2021-03-03,51.150001525878906,51.599998474121094,49.400001525878906,49.95000076293945,73461
2021-03-04,51.20000076293945,51.5,48.650001525878906,51.150001525878906,101700
2021-03-05,49.95000076293945,53.099998474121094,49.0,52.5,79474
2021-03-08,49.900001525878906,51.5,49.20000076293945,49.70000076293945,66157
2021-03-09,48.400001525878906,51.54999923706055,48.150001525878906,50.79999923706055,40922
2021-03-10,49.04999923706055,50.29999923706055,48.0,48.0,65760
2021-03-12,50.95000076293945,51.5,48.70000076293945,48.70000076293945,98818
2021-03-15,53.04999923706055,53.45000076293945,50.04999923706055,52.95000076293945,168155
2021-03-16,55.70000076293945,55.70000076293945,53.54999923706055,54.849998474121094,53507
2021-03-17,53.849998474121094,58.45000076293945,53.04999923706055,58.45000076293945,107621
2021-03-18,51.20000076293945,54.70000076293945,51.20000076293945,53.75,43086
2021-03-19,51.04999923706055,52.45000076293945,48.650001525878906,49.599998474121094,44859
2021-03-22,48.599998474121094,53.0,48.5,52.599998474121094,57597
2021-03-23,48.95000076293945,49.900001525878906,47.400001525878906,48.95000076293945,59921
2021-03-24,46.79999923706055,49.95000076293945,46.54999923706055,49.0,62620
2021-03-25,45.5,48.400001525878906,44.5,46.79999923706055,77862
2021-03-26,45.45000076293945,46.54999923706055,44.79999923706055,45.5,58498
2021-03-30,44.54999923706055,45.900001525878906,44.25,44.45000076293945,55200
2021-03-31,44.099998474121094,45.849998474121094,43.29999923706055,45.849998474121094,44302
2021-04-01,46.29999923706055,46.29999923706055,43.650001525878906,45.400001525878906,52244
2021-04-05,44.599998474121094,48.0,44.099998474121094,48.0,50892
2021-04-06,43.54999923706055,44.900001525878906,43.099998474121094,43.849998474121094,9017
2021-04-07,44.400001525878906,44.849998474121094,42.79999923706055,42.79999923706055,7826
2021-04-08,44.95000076293945,45.95000076293945,44.04999923706055,45.900001525878906,16640
2021-04-09,44.79999923706055,45.95000076293945,44.45000076293945,45.25,16552
2021-04-12,41.5,44.95000076293945,41.20000076293945,44.79999923706055,5324
2021-04-13,43.099998474121094,45.0,41.599998474121094,45.0,8897
2021-04-15,42.29999923706055,43.599998474121094,41.400001525878906,43.599998474121094,5879
2021-04-16,42.650001525878906,43.349998474121094,42.0,43.349998474121094,7966
2021-04-19,40.099998474121094,42.650001525878906,39.0,42.650001525878906,13296
2021-04-20,41.650001525878906,42.150001525878906,39.75,39.75,11384
2021-04-22,40.95000076293945,41.25,40.20000076293945,40.650001525878906,13093
2021-04-23,40.75,41.25,40.29999923706055,40.599998474121094,11204
2021-04-26,41.650001525878906,42.0,40.650001525878906,41.900001525878906,11902
2021-04-27,42.54999923706055,42.849998474121094,40.79999923706055,41.75,20295
2021-04-28,43.45000076293945,44.79999923706055,42.5,42.599998474121094,11435
2021-04-29,44.150001525878906,45.0,43.54999923706055,43.54999923706055,14487
2021-04-30,45.54999923706055,47.70000076293945,42.54999923706055,44.45000076293945,34713
2021-05-03,49.349998474121094,49.95000076293945,43.599998474121094,47.0,44919
2021-05-04,52.04999923706055,54.25,50.04999923706055,50.04999923706055,180070
2021-05-05,54.70000076293945,56.400001525878906,53.0,53.0,147924
2021-05-06,53.5,55.849998474121094,52.349998474121094,55.25,30636
2021-05-07,53.849998474121094,55.400001525878906,53.0,54.5,28691
2021-05-10,56.20000076293945,56.5,53.04999923706055,53.04999923706055,82749
2021-05-11,55.79999923706055,57.599998474121094,54.5,55.54999923706055,35032
2021-05-12,55.650001525878906,57.70000076293945,54.70000076293945,57.5,32138
2021-05-14,54.599998474121094,56.75,54.25,55.04999923706055,17595
2021-05-17,57.29999923706055,57.29999923706055,54.25,55.54999923706055,51343
2021-05-18,58.54999923706055,60.150001525878906,58.0,60.150001525878906,77073
2021-05-19,61.150001525878906,61.400001525878906,57.70000076293945,59.95000076293945,106345
2021-05-20,58.45000076293945,62.95000076293945,58.099998474121094,62.70000076293945,40402
2021-05-21,57.29999923706055,59.349998474121094,56.650001525878906,58.45000076293945,32939
2021-05-24,57.5,58.45000076293945,56.79999923706055,57.0,9961
2021-05-25,57.45000076293945,58.95000076293945,55.29999923706055,57.45000076293945,29885
2021-05-26,56.70000076293945,58.5,55.099998474121094,58.5,22918
2021-05-27,56.400001525878906,57.599998474121094,55.04999923706055,57.599998474121094,22411
2021-05-28,57.54999923706055,58.0,56.04999923706055,57.400001525878906,31251
2021-05-31,59.75,60.400001525878906,55.29999923706055,58.650001525878906,101200
2021-06-01,62.70000076293945,62.70000076293945,61.70000076293945,62.70000076293945,436199
2021-06-02,65.80000305175781,65.80000305175781,64.0,65.0,159307
2021-06-03,66.9000015258789,69.05000305175781,63.5,68.9000015258789,367326
2021-06-04,67.6500015258789,69.9000015258789,64.0,67.94999694824219,206420
2021-06-07,70.1500015258789,71.0,68.25,68.69999694824219,146505
2021-06-08,71.25,73.6500015258789,66.6500015258789,71.9000015258789,224689
2021-06-09,67.9000015258789,73.4000015258789,67.69999694824219,73.4000015258789,127572
2021-06-10,68.44999694824219,69.69999694824219,67.30000305175781,68.05000305175781,36540
2021-06-11,71.75,71.8499984741211,69.25,69.30000305175781,162178
2021-06-14,74.05000305175781,74.80000305175781,70.1500015258789,73.5,168262
2021-06-15,75.44999694824219,76.75,74.0999984741211,74.0999984741211,91963
2021-06-16,76.55000305175781,77.30000305175781,74.55000305175781,77.30000305175781,121051
2021-06-17,78.80000305175781,79.80000305175781,75.0999984741211,75.0999984741211,137145
2021-06-18,82.4000015258789,82.69999694824219,75.5,79.55000305175781,209709
2021-06-21,84.6500015258789,84.94999694824219,79.5,81.55000305175781,126769
2021-06-22,84.0999984741211,86.5,83.0,86.5,81155
2021-06-23,84.9000015258789,86.9000015258789,83.19999694824219,84.0999984741211,121652
2021-06-24,82.44999694824219,86.9000015258789,81.4000015258789,85.5,77373
2021-06-25,86.30000305175781,86.55000305175781,80.5,82.69999694824219,195246
2021-06-28,87.05000305175781,89.19999694824219,86.30000305175781,86.94999694824219,84493
2021-06-29,84.30000305175781,89.69999694824219,83.9000015258789,89.69999694824219,83814
2021-06-30,84.94999694824219,88.0,83.55000305175781,84.30000305175781,68387
2021-07-01,82.1500015258789,85.44999694824219,81.75,85.19999694824219,99348
2021-07-02,83.9000015258789,84.5,81.94999694824219,82.05000305175781,62470
2021-07-05,87.94999694824219,88.05000305175781,84.05000305175781,84.19999694824219,118902
2021-07-06,89.80000305175781,92.30000305175781,88.1500015258789,88.94999694824219,177191
2021-07-07,91.9000015258789,94.19999694824219,87.05000305175781,92.5999984741211,94729
2021-07-08,92.25,95.94999694824219,90.0,95.94999694824219,93652
2021-07-09,93.44999694824219,95.44999694824219,90.30000305175781,94.0999984741211,94851
2021-07-12,95.4000015258789,96.0,93.94999694824219,94.4000015258789,55873
2021-07-13,97.19999694824219,98.5,95.1500015258789,96.5,121893
2021-07-14,98.69999694824219,99.69999694824219,96.9000015258789,98.3499984741211,126085
2021-07-15,103.05000305175781,103.5999984741211,98.0999984741211,98.0999984741211,186124
2021-07-16,108.19999694824219,108.19999694824219,103.94999694824219,106.0,167421
2021-07-19,112.8499984741211,113.5999984741211,110.0,110.0,197626
2021-07-20,111.25,117.9000015258789,107.25,115.0,93727
2021-07-22,116.80000305175781,116.80000305175781,112.0,116.80000305175781,108965
2021-07-23,117.30000305175781,122.5999984741211,116.0,121.0,111309
2021-07-26,122.55000305175781,123.1500015258789,116.0,119.0,95635
2021-07-27,128.60000610351562,128.64999389648438,123.0,124.9000015258789,154786
2021-07-28,135.0,135.0,131.4499969482422,132.75,184100
2021-07-29,141.75,141.75,139.0,139.0,60942
2021-07-30,135.39999389648438,148.8000030517578,134.6999969482422,148.8000030517578,175264
2021-08-02,129.1999969482422,134.89999389648438,128.64999389648438,134.89999389648438,153150
2021-08-03,135.64999389648438,135.64999389648438,133.89999389648438,133.89999389648438,33652
2021-08-04,142.39999389648438,142.39999389648438,136.0,142.39999389648438,164856
2021-08-05,136.1999969482422,148.5,135.3000030517578,148.5,112083
2021-08-06,133.1999969482422,140.0,131.0,136.1999969482422,103742
2021-08-09,126.55000305175781,137.0,126.55000305175781,135.0,65085
2021-08-10,120.25,129.0,120.25,120.25,147446
2021-08-11,114.25,115.0999984741211,114.25,115.0999984741211,24864
2021-08-12,119.94999694824219,119.94999694824219,110.30000305175781,110.30000305175781,126539
2021-08-13,117.44999694824219,123.9000015258789,114.0,119.9000015258789,56899
2021-08-16,117.55000305175781,123.30000305175781,113.9000015258789,119.5,85822
2021-08-17,116.75,119.0,112.05000305175781,117.55000305175781,86104
2021-08-18,113.55000305175781,117.69999694824219,111.1500015258789,114.5,47646
2021-08-20,107.9000015258789,111.0,107.9000015258789,108.9000015258789,37907
2021-08-23,102.55000305175781,109.8499984741211,102.55000305175781,109.8499984741211,83561
2021-08-24,107.6500015258789,107.6500015258789,97.44999694824219,98.0999984741211,85412
2021-08-25,112.5,113.0,109.69999694824219,113.0,45095
2021-08-26,114.05000305175781,117.5999984741211,112.19999694824219,113.25,27405
2021-08-27,112.0,116.8499984741211,109.0,116.8499984741211,42452
2021-08-30,110.3499984741211,114.94999694824219,106.4000015258789,112.0,24612
2021-08-31,109.19999694824219,111.8499984741211,105.30000305175781,110.1500015258789,39003
2021-09-01,105.25,108.8499984741211,104.0,108.80000305175781,17346
2021-09-02,106.30000305175781,108.0,101.5999984741211,103.0999984741211,27420
2021-09-03,110.0,110.9000015258789,104.19999694824219,104.19999694824219,29091
2021-09-06,115.5,115.5,113.0,115.5,32011
2021-09-07,113.44999694824219,120.0,109.75,120.0,47633
2021-09-08,116.75,118.5,111.5,115.69999694824219,93714
2021-09-09,118.05000305175781,120.0,113.0,116.75,15324
2021-09-13,116.0999984741211,119.94999694824219,115.3499984741211,119.94999694824219,32700
2021-09-14,115.69999694824219,118.0,113.0,113.0,19130
2021-09-15,116.75,119.0999984741211,114.0999984741211,114.0999984741211,13048
2021-09-16,116.0999984741211,118.0,114.4000015258789,114.4000015258789,34133
2021-09-17,113.5,119.9000015258789,111.69999694824219,119.69999694824219,26902
2021-09-20,110.0,115.4000015258789,107.8499984741211,115.0,30976
2021-09-21,108.05000305175781,109.94999694824219,104.5,106.19999694824219,23902
2021-09-22,106.30000305175781,107.80000305175781,103.69999694824219,106.94999694824219,36889
2021-09-23,107.5999984741211,109.5,106.5,106.5,11997
2021-09-24,106.0999984741211,108.0,105.05000305175781,107.5999984741211,17632
2021-09-27,102.4000015258789,107.75,102.0,106.19999694824219,46684
2021-09-28,103.1500015258789,104.9000015258789,99.05000305175781,102.5,19321
2021-09-29,107.19999694824219,107.5,99.1500015258789,99.1500015258789,16727
2021-09-30,111.05000305175781,111.69999694824219,108.0,109.80000305175781,30370
2021-10-01,116.30000305175781,116.5999984741211,105.6500015258789,110.0,60915
2021-10-04,119.80000305175781,122.0,117.0999984741211,118.30000305175781,50945
2021-10-05,120.75,122.0,118.19999694824219,119.80000305175781,25953
2021-10-06,117.05000305175781,123.5,116.19999694824219,122.69999694824219,46138
2021-10-07,117.80000305175781,120.9000015258789,117.19999694824219,119.94999694824219,26029
2021-10-08,116.19999694824219,119.94999694824219,114.0,119.94999694824219,23286
2021-10-11,115.1500015258789,118.4000015258789,114.5,115.0,25237
2021-10-12,115.4000015258789,116.8499984741211,113.55000305175781,115.6500015258789,19025
2021-10-13,115.69999694824219,118.25,115.0,117.5,31722
2021-10-14,113.94999694824219,118.19999694824219,113.0,116.0,29373
2021-10-18,114.05000305175781,117.8499984741211,113.0,113.9000015258789,33284
2021-10-19,118.0999984741211,119.75,114.0,117.0,121485
2021-10-20,115.6500015258789,123.05000305175781,115.19999694824219,120.0,59817
2021-10-21,113.55000305175781,117.94999694824219,110.19999694824219,117.94999694824219,35305
2021-10-22,110.4000015258789,116.94999694824219,109.0,114.55000305175781,42750
2021-10-25,108.44999694824219,112.3499984741211,107.0,110.55000305175781,18374
2021-10-26,113.8499984741211,113.8499984741211,109.5,109.75,34682
2021-10-27,119.30000305175781,119.5,113.9000015258789,117.0,41520
2021-10-28,118.05000305175781,123.5,117.0,120.0,87362
2021-10-29,118.6500015258789,120.8499984741211,112.1500015258789,119.0,74122
2021-11-01,124.5,124.55000305175781,118.69999694824219,118.69999694824219,106479
2021-11-02,130.6999969482422,130.6999969482422,127.0999984741211,127.0999984741211,53787
2021-11-03,135.0500030517578,137.1999969482422,133.0500030517578,136.4499969482422,145092
2021-11-04,138.8000030517578,140.5,135.14999389648438,136.0,76367
2021-11-08,145.25,145.6999969482422,141.10000610351562,145.6999969482422,133881
2021-11-09,144.14999389648438,147.85000610351562,138.10000610351562,146.5500030517578,159402
2021-11-10,147.1999969482422,151.35000610351562,144.9499969482422,146.0,262939
2021-11-11,139.85000610351562,144.0,139.85000610351562,143.0,125542
2021-11-12,132.89999389648438,136.0,132.89999389648438,133.4499969482422,67172
2021-11-15,126.30000305175781,132.89999389648438,126.30000305175781,132.89999389648438,93555
2021-11-16,123.9000015258789,131.1999969482422,120.5999984741211,121.0999984741211,163251
2021-11-17,121.3499984741211,128.60000610351562,119.5999984741211,124.0,58084
2021-11-18,115.4000015258789,122.94999694824219,115.30000305175781,122.9000015258789,104507
2021-11-22,109.69999694824219,114.4000015258789,109.6500015258789,112.0999984741211,170804
2021-11-23,110.75,114.30000305175781,107.1500015258789,108.80000305175781,108369
2021-11-24,115.55000305175781,116.25,111.0,111.0,103640
2021-11-25,115.9000015258789,117.75,114.25,116.0999984741211,44782
2021-11-26,112.0999984741211,115.5999984741211,111.1500015258789,115.5999984741211,61221
2021-11-29,109.75,111.94999694824219,106.5,110.0,67892
2021-11-30,109.0,113.69999694824219,108.0,113.69999694824219,44048
2021-12-01,110.55000305175781,112.8499984741211,108.30000305175781,112.8499984741211,23987
2021-12-02,115.3499984741211,115.94999694824219,109.19999694824219,113.5,30544
2021-12-03,115.0,118.80000305175781,113.05000305175781,115.9000015258789,73953
2021-12-06,112.9000015258789,117.1500015258789,112.55000305175781,116.5,32138
2021-12-07,115.80000305175781,116.19999694824219,113.55000305175781,113.55000305175781,29804
2021-12-08,118.0999984741211,119.55000305175781,115.8499984741211,115.8499984741211,69566
2021-12-09,118.75,121.0,117.19999694824219,118.69999694824219,37650
2021-12-10,117.69999694824219,119.80000305175781,113.19999694824219,118.9000015258789,36115
2021-12-13,118.5999984741211,119.80000305175781,115.55000305175781,119.80000305175781,45386
2021-12-14,118.55000305175781,119.5999984741211,117.0,119.5999984741211,22812
2021-12-15,118.94999694824219,120.3499984741211,117.8499984741211,119.94999694824219,37148
2021-12-16,119.30000305175781,120.8499984741211,118.0999984741211,119.6500015258789,24262
2021-12-17,117.0999984741211,123.55000305175781,116.8499984741211,122.0,73065
2021-12-20,111.25,117.0999984741211,111.25,117.0999984741211,20837
2021-12-21,111.1500015258789,115.44999694824219,109.5999984741211,114.80000305175781,26862
2021-12-22,112.5999984741211,113.44999694824219,108.0999984741211,108.0999984741211,25170
2021-12-23,116.19999694824219,116.8499984741211,113.44999694824219,114.5,26781
2021-12-24,114.80000305175781,118.4000015258789,113.5,118.4000015258789,27099
2021-12-27,115.75,116.5999984741211,112.5999984741211,113.1500015258789,26336
2021-12-28,121.5,121.5,116.44999694824219,116.80000305175781,58388
2021-12-29,122.25,125.0,121.0,121.0999984741211,36247
2021-12-30,120.80000305175781,124.75,119.05000305175781,123.9000015258789,22344
2021-12-31,121.05000305175781,123.4000015258789,120.0,120.6500015258789,25856
2022-01-03,125.80000305175781,126.94999694824219,121.0,121.05000305175781,52583
2022-01-04,132.0500030517578,132.0500030517578,125.9000015258789,126.0,90024
2022-01-05,135.89999389648438,138.64999389648438,131.10000610351562,132.0,175907
2022-01-06,142.39999389648438,142.64999389648438,132.39999389648438,140.0,230150
2022-01-07,141.6999969482422,147.0,140.0,143.5,188214
2022-01-10,148.75,148.75,142.14999389648438,143.0,72978
2022-01-11,156.14999389648438,156.14999389648438,153.1999969482422,155.89999389648438,95837
2022-01-12,150.5,162.9499969482422,148.35000610351562,161.0,277759
2022-01-13,143.9499969482422,153.85000610351562,143.0,150.6999969482422,121696
2022-01-14,151.0500030517578,151.10000610351562,142.0,142.0,78663
2022-01-17,149.6999969482422,155.9499969482422,148.0,154.0,131066
2022-01-18,143.60000610351562,151.8000030517578,142.5500030517578,151.8000030517578,60049
2022-01-19,143.5,146.0,141.5,145.75,67297
2022-01-20,150.0,150.60000610351562,141.39999389648438,143.0,76392
2022-01-21,145.10000610351562,152.35000610351562,143.0500030517578,151.5,63677
2022-01-24,137.85000610351562,144.0,137.85000610351562,141.0500030517578,50338
2022-01-25,139.5,143.0,131.0,137.0,86694
2022-01-27,141.6999969482422,142.89999389648438,134.8000030517578,139.8000030517578,34635
2022-01-28,143.35000610351562,148.75,141.9499969482422,142.9499969482422,66408
2022-01-31,141.9499969482422,148.8000030517578,140.1999969482422,148.8000030517578,31470
2022-02-01,143.3000030517578,146.3000030517578,138.3000030517578,141.64999389648438,26751
2022-02-02,150.4499969482422,150.4499969482422,142.85000610351562,143.0,87209
2022-02-03,151.10000610351562,155.5,143.1999969482422,151.0,119963
2022-02-04,158.64999389648438,158.64999389648438,152.4499969482422,154.4499969482422,317760
2022-02-07,190.35000610351562,190.35000610351562,180.0500030517578,187.6999969482422,682792
2022-02-08,182.14999389648438,199.0,180.10000610351562,189.0,779838
2022-02-09,173.39999389648438,190.0,171.1999969482422,185.89999389648438,183167
2022-02-10,184.5,198.0,167.5,171.64999389648438,494443
2022-02-11,181.4499969482422,189.4499969482422,178.10000610351562,181.89999389648438,177232
2022-02-14,164.89999389648438,178.0,161.1999969482422,175.0,133736
2022-02-15,172.5500030517578,175.39999389648438,163.10000610351562,164.89999389648438,98110
2022-02-16,177.0500030517578,184.6999969482422,174.0,174.0,119336
2022-02-17,172.39999389648438,180.6999969482422,171.39999389648438,180.6999969482422,87227
2022-02-18,164.8000030517578,174.0,163.1999969482422,172.10000610351562,71986
2022-02-21,157.14999389648438,164.5,152.8000030517578,164.5,130121
2022-02-22,148.25,153.25,146.0500030517578,148.0,160226
2022-02-23,154.25,159.4499969482422,150.0,150.0,75242
2022-02-24,141.4499969482422,150.0,140.5,150.0,282854
2022-02-25,149.85000610351562,153.0,146.0,153.0,117213
2022-02-28,150.0500030517578,152.89999389648438,143.1999969482422,148.8000030517578,91739
2022-03-02,145.60000610351562,151.64999389648438,144.3000030517578,147.89999389648438,116902
2022-03-03,156.10000610351562,162.9499969482422,147.5,147.64999389648438,533528
2022-03-04,149.64999389648438,159.4499969482422,148.35000610351562,154.0,231693
2022-03-07,144.6999969482422,148.9499969482422,141.39999389648438,145.0,111966
2022-03-08,151.8000030517578,153.0,143.5,144.0,97664
2022-03-09,151.5500030517578,159.64999389648438,146.5500030517578,153.0,263068
2022-03-10,151.85000610351562,159.0,148.1999969482422,156.89999389648438,129024
2022-03-11,157.9499969482422,160.0,149.75,151.85000610351562,190428
2022-03-14,172.75,175.8000030517578,159.0,159.0,379297
2022-03-15,176.39999389648438,179.39999389648438,169.10000610351562,175.8000030517578,360898
2022-03-16,171.64999389648438,180.89999389648438,170.5500030517578,179.8000030517578,141249
2022-03-17,169.4499969482422,177.0,168.0500030517578,172.5500030517578,123746
2022-03-21,166.0500030517578,172.25,164.75,172.25,91983
2022-03-22,174.5,178.0,165.0500030517578,168.8000030517578,163863
2022-03-23,179.10000610351562,184.9499969482422,177.8000030517578,180.0,258430
2022-03-24,176.39999389648438,184.1999969482422,175.0500030517578,179.85000610351562,88297
2022-03-25,171.1999969482422,178.75,168.25,178.35000610351562,83497
2022-03-28,165.5,173.89999389648438,162.8000030517578,173.89999389648438,66610
2022-03-29,165.64999389648438,169.8000030517578,162.64999389648438,169.8000030517578,81947
2022-03-30,169.3000030517578,174.6999969482422,166.39999389648438,169.4499969482422,125346
2022-03-31,164.75,169.85000610351562,162.89999389648438,168.5500030517578,86005
2022-04-01,173.25,175.60000610351562,164.9499969482422,164.9499969482422,102266
2022-04-04,176.5,178.0,173.25,177.89999389648438,84258
2022-04-05,177.0500030517578,184.3000030517578,175.85000610351562,178.0,136728
2022-04-06,177.25,181.35000610351562,174.4499969482422,177.0500030517578,75314
2022-04-07,178.9499969482422,188.9499969482422,177.10000610351562,180.89999389648438,208136
2022-04-08,182.85000610351562,188.6999969482422,178.60000610351562,181.3000030517578,138532
2022-04-11,182.0,188.3000030517578,180.4499969482422,183.9499969482422,100226
2022-04-12,178.39999389648438,184.3000030517578,174.9499969482422,183.0,132837
2022-04-13,212.9499969482422,214.0500030517578,178.0,178.0,1831423
2022-04-18,224.8000030517578,237.89999389648438,215.10000610351562,219.89999389648438,1967007
2022-04-19,212.4499969482422,237.35000610351562,207.60000610351562,230.0,663743
2022-04-20,213.9499969482422,222.0,209.0,218.0,226759
2022-04-21,218.14999389648438,224.9499969482422,216.0500030517578,217.8000030517578,119150
2022-04-22,219.39999389648438,234.0,211.10000610351562,217.0500030517578,330930
2022-04-25,216.3000030517578,227.60000610351562,212.0,219.0,283884
2022-04-26,214.3000030517578,224.0,213.4499969482422,218.0,132986
2022-04-27,210.1999969482422,216.85000610351562,203.60000610351562,212.6999969482422,139361
2022-04-28,214.60000610351562,220.60000610351562,210.25,212.39999389648438,121311
2022-04-29,206.10000610351562,219.5,205.0,215.5,165812
2022-05-02,206.4499969482422,210.5500030517578,199.1999969482422,208.0,124244
2022-05-04,195.1999969482422,210.0,191.9499969482422,210.0,109718
2022-05-05,188.89999389648438,203.35000610351562,187.5500030517578,198.10000610351562,145090
2022-05-06,180.75,187.8000030517578,179.10000610351562,187.8000030517578,156260
2022-05-09,178.5,181.89999389648438,172.3000030517578,180.75,113742
2022-05-10,167.25,184.60000610351562,164.39999389648438,180.9499969482422,93611
2022-05-11,157.3000030517578,174.85000610351562,149.4499969482422,169.9499969482422,220997
2022-05-12,158.39999389648438,161.85000610351562,147.0,158.5,139547
2022-05-13,163.0,168.3000030517578,162.0,166.6999969482422,131251
2022-05-16,152.0,165.0,149.39999389648438,163.10000610351562,184257
2022-05-17,155.89999389648438,157.89999389648438,150.60000610351562,154.4499969482422,210622
2022-05-18,162.8000030517578,166.89999389648438,156.0500030517578,157.89999389648438,350898
2022-05-19,153.4499969482422,159.0,152.0,158.0,157686
2022-05-20,156.39999389648438,157.9499969482422,154.10000610351562,155.0500030517578,99949
2022-05-23,150.60000610351562,158.5,149.0,158.5,72153
2022-05-24,142.1999969482422,152.0,140.5500030517578,152.0,67511
2022-05-25,128.85000610351562,143.9499969482422,125.0,141.10000610351562,132652
2022-05-26,127.44999694824219,133.9499969482422,123.44999694824219,132.4499969482422,168325
2022-05-27,136.0,138.89999389648438,129.0,129.0,97824
2022-05-30,139.8000030517578,143.9499969482422,138.0,139.0,94471
2022-05-31,139.3000030517578,144.85000610351562,138.0,140.0,71536
2022-06-01,137.3000030517578,142.4499969482422,136.14999389648438,142.4499969482422,55188
2022-06-02,140.8000030517578,142.89999389648438,136.3000030517578,136.5,76654
2022-06-03,141.3000030517578,151.9499969482422,139.39999389648438,144.4499969482422,229636
2022-06-06,138.75,142.89999389648438,137.5,142.89999389648438,61595
2022-06-07,136.85000610351562,140.0,135.39999389648438,139.0,47589
2022-06-08,133.5,138.89999389648438,132.64999389648438,138.0500030517578,60206
2022-06-09,132.8000030517578,139.89999389648438,132.0,139.89999389648438,39867
2022-06-10,131.35000610351562,135.35000610351562,130.9499969482422,131.39999389648438,50856
2022-06-13,123.75,131.10000610351562,120.25,131.0,67645
2022-06-14,128.39999389648438,129.4499969482422,123.0,125.9000015258789,37938
2022-06-15,125.55000305175781,129.60000610351562,123.94999694824219,129.5,29358
2022-06-16,116.5999984741211,128.5,115.19999694824219,128.39999389648438,81222
2022-06-17,116.44999694824219,118.5,114.25,117.0,175535
2022-06-20,105.8499984741211,119.44999694824219,102.5,119.44999694824219,71318
2022-06-21,115.1500015258789,118.19999694824219,107.0999984741211,109.44999694824219,84711
2022-06-22,112.80000305175781,117.55000305175781,111.0999984741211,115.0999984741211,34539
2022-06-23,113.75,117.5999984741211,111.1500015258789,114.94999694824219,31495
2022-06-24,120.75,124.80000305175781,115.0,117.0,103237
2022-06-27,125.30000305175781,131.60000610351562,123.80000305175781,124.5,94025
2022-06-28,128.10000610351562,129.0500030517578,120.05000305175781,125.0,85088
2022-06-29,128.10000610351562,133.3000030517578,125.0,128.5,61240
2022-06-30,125.80000305175781,134.75,125.05000305175781,129.6999969482422,112710
2022-07-01,126.0,127.69999694824219,121.19999694824219,124.0,42266
2022-07-04,124.80000305175781,127.6500015258789,123.0999984741211,127.6500015258789,34453
2022-07-05,125.5999984741211,129.60000610351562,125.05000305175781,126.44999694824219,26490
2022-07-06,125.1500015258789,126.94999694824219,123.05000305175781,126.94999694824219,25630
2022-07-07,127.1500015258789,129.0,125.0,127.5,34951
2022-07-08,126.30000305175781,129.39999389648438,125.5,129.39999389648438,33621
2022-07-11,126.5,128.0,125.05000305175781,127.3499984741211,33296
2022-07-12,127.0999984741211,129.8000030517578,126.5,126.5,33634
2022-07-13,127.30000305175781,129.5500030517578,126.0,127.5,51019
2022-07-14,122.80000305175781,128.1999969482422,121.25,127.0,34324
2022-07-15,122.05000305175781,125.1500015258789,120.3499984741211,125.0,27172
2022-07-18,131.1999969482422,133.5,122.5999984741211,122.5999984741211,128399
2022-07-19,132.14999389648438,134.8000030517578,129.5500030517578,132.60000610351562,78454
2022-07-20,130.8000030517578,136.0,130.10000610351562,135.9499969482422,64620
2022-07-21,133.10000610351562,134.0500030517578,130.4499969482422,133.0,38287
2022-07-22,132.5,137.0,131.75,137.0,30833
2022-07-25,128.89999389648438,134.5,127.5,134.5,41493
2022-07-26,125.1500015258789,130.3000030517578,124.30000305175781,130.3000030517578,30971
2022-07-27,125.05000305175781,127.8499984741211,123.69999694824219,125.0,35651
2022-07-28,125.25,126.8499984741211,123.5999984741211,126.8499984741211,22913
2022-07-29,124.05000305175781,127.9000015258789,122.5999984741211,126.80000305175781,54150
2022-08-01,116.80000305175781,119.8499984741211,116.1500015258789,118.0,199771
2022-08-02,116.80000305175781,120.0,115.19999694824219,117.0,89057
2022-08-03,115.05000305175781,118.6500015258789,114.4000015258789,117.4000015258789,48671
2022-08-04,112.80000305175781,116.94999694824219,110.69999694824219,114.94999694824219,98340
2022-08-05,113.44999694824219,115.9000015258789,112.6500015258789,114.94999694824219,38059
2022-08-08,112.94999694824219,114.9000015258789,112.5,114.9000015258789,38085
2022-08-10,110.5,114.25,110.0,110.0,58747
2022-08-11,112.3499984741211,113.80000305175781,111.4000015258789,113.80000305175781,41103
2022-08-12,112.44999694824219,114.0,111.44999694824219,114.0,35307
2022-08-16,111.4000015258789,113.9000015258789,110.6500015258789,113.9000015258789,41306
2022-08-17,118.19999694824219,122.94999694824219,110.05000305175781,110.05000305175781,264383
2022-08-18,127.05000305175781,132.3000030517578,117.0,119.0,593598
2022-08-19,125.1500015258789,132.0,124.0,128.0,182459
2022-08-22,122.44999694824219,124.9000015258789,122.0,124.9000015258789,51203
2022-08-23,122.69999694824219,124.9000015258789,120.0,120.0,27114
2022-08-24,126.25,128.89999389648438,123.0,123.0,75234
2022-08-25,125.30000305175781,129.35000610351562,124.5999984741211,129.35000610351562,43274
2022-08-26,123.69999694824219,128.35000610351562,123.25,126.05000305175781,62680
2022-08-29,120.19999694824219,121.5,118.5,118.5,40370
2022-08-30,125.05000305175781,129.4499969482422,122.80000305175781,122.80000305175781,139849
2022-09-01,123.8499984741211,126.8499984741211,123.0,124.6500015258789,77151
2022-09-02,123.0999984741211,127.25,122.5,124.75,67918
2022-09-05,123.75,126.5,122.4000015258789,123.0999984741211,61194
2022-09-06,123.80000305175781,126.5,123.0,125.4000015258789,48114
2022-09-07,124.05000305175781,125.69999694824219,122.19999694824219,123.80000305175781,51877
2022-09-08,125.4000015258789,128.8000030517578,123.55000305175781,123.55000305175781,84838
2022-09-09,125.9000015258789,127.80000305175781,125.0,125.0999984741211,59165
2022-09-12,124.30000305175781,127.6500015258789,123.5999984741211,127.5,65455
2022-09-13,131.89999389648438,134.25,124.0,124.30000305175781,369295
2022-09-14,131.3000030517578,133.4499969482422,128.5,130.0,125807
2022-09-15,129.9499969482422,135.60000610351562,129.5500030517578,132.35000610351562,82250
2022-09-16,125.5999984741211,132.39999389648438,124.5999984741211,132.39999389648438,55299
2022-09-19,124.0999984741211,127.0999984741211,123.5,125.69999694824219,28005
2022-09-20,123.0,127.0,122.69999694824219,125.1500015258789,84571
2022-09-21,121.5999984741211,124.9000015258789,121.0999984741211,123.0999984741211,39275
2022-09-22,121.19999694824219,123.44999694824219,119.05000305175781,122.5,53975
2022-09-23,117.5,122.94999694824219,117.0,122.5,32231
2022-09-26,111.9000015258789,117.25,110.8499984741211,115.5,79550
2022-09-27,111.55000305175781,119.0999984741211,110.0,112.1500015258789,59756
2022-09-28,111.5999984741211,118.75,108.3499984741211,111.0,78277
2022-09-29,111.0,116.5,109.55000305175781,116.5,42885
2022-09-30,112.1500015258789,114.0,110.30000305175781,112.5,34073
2022-10-03,112.75,115.4000015258789,111.05000305175781,112.55000305175781,25534
2022-10-04,114.3499984741211,115.5,113.94999694824219,114.94999694824219,15764
2022-10-06,115.6500015258789,116.9000015258789,114.55000305175781,116.55000305175781,11341
2022-10-07,116.94999694824219,117.8499984741211,115.0999984741211,115.5999984741211,26290
2022-10-10,114.80000305175781,117.0,114.44999694824219,115.1500015258789,29510
2022-10-11,111.8499984741211,117.4000015258789,111.19999694824219,116.8499984741211,27762
2022-10-12,111.05000305175781,114.0,110.30000305175781,113.0,24480
2022-10-13,110.5,112.55000305175781,108.8499984741211,111.5999984741211,25815
2022-10-14,110.6500015258789,112.5999984741211,110.0,111.0,23842
2022-10-17,110.25,112.5,109.55000305175781,112.5,16492
2022-10-18,112.44999694824219,115.44999694824219,110.8499984741211,111.0,49883
2022-10-19,110.6500015258789,113.75,110.0999984741211,111.5999984741211,19567
2022-10-20,109.55000305175781,111.5,109.25,110.1500015258789,39946
2022-10-21,106.30000305175781,111.3499984741211,105.55000305175781,110.8499984741211,81483
2022-10-24,107.19999694824219,108.0,104.8499984741211,108.0,9514
2022-10-25,105.30000305175781,107.6500015258789,105.0,107.19999694824219,34894
2022-10-27,104.30000305175781,107.9000015258789,103.8499984741211,107.9000015258789,36359
2022-10-28,103.0,105.9000015258789,102.5999984741211,105.9000015258789,53882
2022-10-31,102.94999694824219,106.0,102.5,105.94999694824219,54567
2022-11-01,103.30000305175781,107.30000305175781,102.30000305175781,103.1500015258789,68882
2022-11-02,106.05000305175781,109.5,103.3499984741211,105.0,148772
2022-11-03,104.6500015258789,107.94999694824219,103.75,107.94999694824219,21096
2022-11-04,105.0999984741211,106.44999694824219,104.0,106.30000305175781,36651
2022-11-07,106.1500015258789,107.4000015258789,104.69999694824219,105.94999694824219,55325
2022-11-09,111.3499984741211,113.80000305175781,109.0,111.0,161185
2022-11-10,109.0,111.4000015258789,108.5,111.3499984741211,22896
2022-11-11,110.25,119.0,109.5999984741211,112.44999694824219,36433
2022-11-14,107.94999694824219,110.80000305175781,107.0999984741211,110.5999984741211,27222
2022-11-15,105.80000305175781,108.80000305175781,105.30000305175781,108.0,26943
2022-11-16,105.44999694824219,108.4000015258789,105.0999984741211,106.4000015258789,45572
2022-11-17,105.69999694824219,107.0,105.19999694824219,105.55000305175781,28503
2022-11-18,106.4000015258789,108.0,105.0999984741211,107.0999984741211,15436
2022-11-21,106.25,107.30000305175781,105.55000305175781,106.5,12506
2022-11-22,105.94999694824219,107.1500015258789,105.6500015258789,106.0999984741211,15686
2022-11-23,105.6500015258789,106.75,104.69999694824219,105.8499984741211,21202
2022-11-24,109.69999694824219,112.94999694824219,105.6500015258789,107.44999694824219,104907
2022-11-25,110.8499984741211,112.5,108.75,109.8499984741211,59149
2022-11-28,113.25,114.9000015258789,109.05000305175781,111.5,49944
2022-11-29,113.8499984741211,115.5,112.0,114.75,81105
2022-11-30,114.80000305175781,115.9000015258789,112.19999694824219,114.5999984741211,37919
2022-12-01,120.30000305175781,120.9000015258789,116.0,116.0,126164
2022-12-02,120.1500015258789,122.0,119.1500015258789,120.30000305175781,74920
2022-12-05,120.0999984741211,121.4000015258789,118.5999984741211,119.0,42899
2022-12-06,118.8499984741211,122.25,118.05000305175781,120.0999984741211,25271
2022-12-07,117.6500015258789,119.9000015258789,117.05000305175781,118.5,38844
2022-12-08,117.75,122.0,117.25,119.94999694824219,49071
2022-12-09,115.05000305175781,119.5999984741211,114.05000305175781,119.5999984741211,48548
2022-12-12,114.1500015258789,117.19999694824219,113.9000015258789,117.19999694824219,14839
2022-12-13,117.25,117.5999984741211,114.5999984741211,115.9000015258789,41289
2022-12-14,117.05000305175781,118.9000015258789,116.69999694824219,117.30000305175781,20556
2022-12-15,114.3499984741211,117.75,114.0,117.05000305175781,23725
2022-12-16,113.80000305175781,116.3499984741211,112.5,116.3499984741211,31687
2022-12-19,117.4000015258789,121.94999694824219,112.05000305175781,114.94999694824219,77210
2022-12-20,114.75,119.0,114.0,119.0,50433
2022-12-21,111.6500015258789,116.69999694824219,111.0999984741211,116.69999694824219,35937
2022-12-22,108.25,113.8499984741211,107.1500015258789,113.8499984741211,52016
2022-12-23,101.3499984741211,108.94999694824219,100.44999694824219,108.5999984741211,71864
2022-12-26,107.44999694824219,108.9000015258789,101.0,103.3499984741211,41827
2022-12-27,111.3499984741211,112.80000305175781,106.30000305175781,108.80000305175781,40651
2022-12-28,111.8499984741211,113.9000015258789,111.0,112.0,15082
2022-12-29,110.1500015258789,112.0999984741211,109.0,111.69999694824219,21453
2022-12-30,111.0999984741211,112.94999694824219,110.25,112.19999694824219,15233
2023-01-02,108.94999694824219,112.5,104.0,112.5,85811
2023-01-03,110.9000015258789,112.0999984741211,108.6500015258789,111.05000305175781,37456
2023-01-04,107.4000015258789,112.5,107.0,112.5,50630
2023-01-05,107.6500015258789,109.19999694824219,106.94999694824219,107.0999984741211,29526
2023-01-06,107.55000305175781,108.94999694824219,106.30000305175781,108.5,18169
2023-01-09,106.94999694824219,110.44999694824219,106.0,109.9000015258789,43050
2023-01-10,106.55000305175781,108.0,105.80000305175781,107.69999694824219,18202
2023-01-11,106.94999694824219,108.5,106.30000305175781,107.19999694824219,28231
2023-01-12,106.8499984741211,108.69999694824219,106.3499984741211,108.6500015258789,10490
2023-01-13,108.0,108.75,106.75,107.69999694824219,10272
2023-01-16,107.19999694824219,107.8499984741211,106.4000015258789,107.69999694824219,24545
2023-01-17,107.19999694824219,109.0,106.44999694824219,106.6500015258789,67656
2023-01-18,106.9000015258789,107.69999694824219,106.19999694824219,107.19999694824219,14495
2023-01-19,105.0999984741211,107.4000015258789,104.55000305175781,106.9000015258789,36488
2023-01-20,105.4000015258789,106.69999694824219,105.05000305175781,106.69999694824219,12317
2023-01-23,104.25,106.5999984741211,103.5,106.0,15723
2023-01-24,103.6500015258789,106.55000305175781,102.0999984741211,105.75,22318
2023-01-25,103.0,104.55000305175781,102.19999694824219,104.0,12363
2023-01-27,100.5,103.0999984741211,98.6500015258789,103.05000305175781,33079
2023-01-30,100.69999694824219,102.44999694824219,99.05000305175781,99.05000305175781,12131
2023-01-31,102.19999694824219,103.4000015258789,99.8499984741211,102.30000305175781,16828
2023-02-01,100.0,104.0,99.05000305175781,104.0,11505
2023-02-02,101.3499984741211,102.69999694824219,99.0,99.0,14873
2023-02-03,99.25,103.30000305175781,97.5,103.30000305175781,31185
2023-02-06,95.05000305175781,98.5,94.3499984741211,98.5,40979
2023-02-07,95.44999694824219,97.9000015258789,94.0999984741211,94.94999694824219,39172
2023-02-08,96.80000305175781,99.9000015258789,95.44999694824219,98.80000305175781,63475
2023-02-09,93.80000305175781,94.75,91.5,92.0999984741211,131416
2023-02-10,92.6500015258789,94.94999694824219,92.0,94.44999694824219,51483
2023-02-13,88.80000305175781,96.0,88.25,96.0,33138
2023-02-14,87.75,89.75,85.80000305175781,88.80000305175781,30633
2023-02-15,86.5999984741211,89.0,85.0999984741211,88.5999984741211,46934
2023-02-16,87.30000305175781,91.4000015258789,86.55000305175781,87.0,42597
2023-02-17,88.0999984741211,89.6500015258789,87.5999984741211,89.0,16347
2023-02-20,86.69999694824219,90.44999694824219,86.5,90.44999694824219,23511
2023-02-21,86.05000305175781,87.5,85.0,86.80000305175781,29832
2023-02-22,87.8499984741211,88.75,85.19999694824219,88.5999984741211,31410
2023-02-23,86.1500015258789,88.8499984741211,84.94999694824219,88.8499984741211,30977
2023-02-24,88.19999694824219,90.94999694824219,85.3499984741211,85.3499984741211,43892
2023-02-27,85.75,89.75,85.30000305175781,89.75,12157
2023-02-28,84.8499984741211,88.30000305175781,84.0999984741211,88.30000305175781,23539
2023-03-01,86.3499984741211,86.75,85.4000015258789,86.30000305175781,17390
2023-03-02,91.1500015258789,94.25,87.05000305175781,87.3499984741211,59630
2023-03-03,95.25,95.94999694824219,90.5999984741211,93.0,41063
2023-03-06,92.25,96.5,90.3499984741211,96.5,33592
2023-03-08,91.3499984741211,92.9000015258789,90.0,92.05000305175781,20518
2023-03-09,91.3499984741211,92.75,91.0,92.05000305175781,24620
2023-03-10,97.3499984741211,102.5,91.05000305175781,91.0999984741211,463528
2023-03-13,98.30000305175781,104.75,97.3499984741211,98.9000015258789,179113
2023-03-14,95.4000015258789,99.69999694824219,94.0,99.69999694824219,47069
2023-03-15,94.05000305175781,97.1500015258789,93.44999694824219,97.05000305175781,20564
2023-03-16,96.44999694824219,99.05000305175781,91.6500015258789,95.4000015258789,66400
2023-03-17,95.0,98.3499984741211,94.6500015258789,97.25,45844
2023-03-20,92.4000015258789,95.0,91.25,95.0,62239
2023-03-21,92.19999694824219,93.5,91.80000305175781,92.5,44578
2023-03-22,100.9000015258789,105.69999694824219,92.80000305175781,93.4000015258789,332685
2023-03-23,97.05000305175781,101.75,96.5,100.69999694824219,51489
2023-03-24,96.44999694824219,101.44999694824219,95.3499984741211,98.4000015258789,108345
2023-03-27,94.55000305175781,98.4000015258789,94.25,98.4000015258789,39399
2023-03-28,91.69999694824219,95.5,90.0,95.05000305175781,82315
2023-03-29,87.9000015258789,94.30000305175781,86.8499984741211,92.44999694824219,233480
2023-03-31,90.5,93.8499984741211,89.19999694824219,89.19999694824219,81610
2023-04-03,93.4000015258789,94.0,91.19999694824219,92.5,75291
2023-04-05,98.69999694824219,99.94999694824219,94.44999694824219,94.44999694824219,163328
2023-04-06,99.44999694824219,101.9000015258789,97.0,97.0,55846
2023-04-10,99.4000015258789,102.4000015258789,99.0,101.44999694824219,58284
2023-04-11,96.6500015258789,100.9000015258789,95.8499984741211,100.0,56642
2023-04-12,98.55000305175781,99.5,97.05000305175781,98.94999694824219,22781
2023-04-13,96.80000305175781,98.9000015258789,96.3499984741211,98.9000015258789,16268
2023-04-17,95.19999694824219,97.5,94.5,97.30000305175781,35223
2023-04-18,97.0,98.44999694824219,94.55000305175781,94.55000305175781,31159
2023-04-19,95.5999984741211,97.9000015258789,95.5,97.30000305175781,14404
2023-04-20,98.05000305175781,101.5,95.30000305175781,95.30000305175781,60722
2023-04-21,104.0,107.0,98.44999694824219,99.5,292628
2023-04-24,111.0,114.5,105.19999694824219,106.5,474625
2023-04-25,110.30000305175781,114.9000015258789,109.1500015258789,111.5999984741211,123123
2023-04-26,111.4000015258789,114.0,109.05000305175781,110.8499984741211,66923
2023-04-27,110.4000015258789,112.75,109.19999694824219,112.0999984741211,50812
2023-04-28,109.1500015258789,111.69999694824219,107.75,110.8499984741211,39978
2023-05-02,109.19999694824219,112.75,108.55000305175781,108.55000305175781,55937
2023-05-03,109.0999984741211,112.94999694824219,106.0,107.5,82721
2023-05-04,113.5,118.0,108.0,108.0,195017
2023-05-05,113.1500015258789,117.0,111.0,114.19999694824219,105355
2023-05-08,111.94999694824219,115.3499984741211,111.5,111.5,24189
2023-05-09,108.5,113.4000015258789,107.44999694824219,111.94999694824219,46781
2023-05-10,109.6500015258789,113.05000305175781,107.55000305175781,111.80000305175781,44906
2023-05-11,109.5,111.6500015258789,108.80000305175781,111.30000305175781,20598
2023-05-12,108.0,110.80000305175781,107.55000305175781,109.6500015258789,14357
2023-05-15,107.25,109.0,106.5,109.0,19388
2023-05-16,107.69999694824219,109.75,107.0,108.0,23536
2023-05-17,108.5999984741211,110.75,107.30000305175781,110.0,24908
2023-05-18,108.30000305175781,112.0999984741211,107.0999984741211,107.0999984741211,55148
2023-05-19,108.5999984741211,109.5,105.0999984741211,108.55000305175781,40375
2023-05-22,111.05000305175781,113.5999984741211,107.30000305175781,108.1500015258789,74181
2023-05-23,109.6500015258789,112.19999694824219,109.25,109.5,20919
2023-05-24,108.30000305175781,111.1500015258789,107.5,109.6500015258789,12755
2023-05-25,106.80000305175781,109.0,106.25,109.0,12013
2023-05-26,105.55000305175781,108.55000305175781,104.75,105.9000015258789,31639
2023-05-29,106.0999984741211,109.5,104.5,104.5,53294
2023-05-30,108.05000305175781,108.80000305175781,105.25,107.8499984741211,53560
2023-05-31,106.5999984741211,110.9000015258789,105.75,110.9000015258789,30660
2023-06-01,106.19999694824219,107.8499984741211,106.05000305175781,106.5999984741211,20392
2023-06-02,107.05000305175781,108.44999694824219,106.0,108.44999694824219,17294
2023-06-05,106.55000305175781,110.0,106.25,107.5,36597
2023-06-06,108.44999694824219,110.0,106.44999694824219,107.0,76463
2023-06-07,110.4000015258789,114.80000305175781,109.1500015258789,110.80000305175781,119993
2023-06-08,107.9000015258789,111.80000305175781,107.1500015258789,110.55000305175781,25731
2023-06-09,107.19999694824219,109.1500015258789,107.05000305175781,108.0,33692
2023-06-12,107.5,109.8499984741211,107.0,108.5999984741211,34229
2023-06-13,116.94999694824219,118.0,107.1500015258789,108.44999694824219,334650
2023-06-14,121.6500015258789,124.80000305175781,118.0,118.30000305175781,329840
2023-06-15,121.6500015258789,125.55000305175781,121.0,122.30000305175781,147203
2023-06-16,122.5999984741211,125.9000015258789,121.0,121.0,158676
2023-06-19,133.25,134.5,127.4000015258789,127.4000015258789,655140
2023-06-20,130.9499969482422,135.0,130.0,134.4499969482422,158019
2023-06-21,135.75,138.0,131.64999389648438,131.9499969482422,262682
2023-06-22,130.39999389648438,137.14999389648438,129.0500030517578,136.8000030517578,100255
2023-06-23,126.55000305175781,130.9499969482422,126.0,130.9499969482422,135512
2023-06-26,128.0,129.4499969482422,124.6500015258789,124.6500015258789,40329
2023-06-27,128.85000610351562,133.9499969482422,126.94999694824219,128.0,90487
2023-06-28,127.55000305175781,130.9499969482422,126.0,128.85000610351562,67283
2023-06-30,129.3000030517578,130.39999389648438,127.9000015258789,129.9499969482422,59473
2023-07-03,125.80000305175781,130.0500030517578,125.05000305175781,130.0500030517578,60584
2023-07-04,125.4000015258789,129.5,125.0,128.0,33698
2023-07-05,124.69999694824219,126.4000015258789,123.5999984741211,126.0999984741211,34328
2023-07-06,125.05000305175781,128.9499969482422,123.30000305175781,124.0,37849
2023-07-07,124.69999694824219,126.4000015258789,123.5999984741211,126.0,45752
2023-07-10,123.9000015258789,125.0,123.4000015258789,125.0,21654
2023-07-11,123.05000305175781,126.94999694824219,122.6500015258789,123.0,34165
2023-07-12,123.0999984741211,124.5,122.0999984741211,123.05000305175781,27756
2023-07-13,119.30000305175781,125.55000305175781,118.55000305175781,125.55000305175781,61889
2023-07-14,126.0999984741211,126.94999694824219,118.80000305175781,118.80000305175781,87169
2023-07-17,131.0,132.6999969482422,128.10000610351562,129.25,166185
2023-07-18,126.5,132.6999969482422,124.44999694824219,130.64999389648438,81878
2023-07-19,131.25,137.8000030517578,126.0,128.5500030517578,315178
2023-07-20,126.80000305175781,131.85000610351562,126.5,131.85000610351562,52816
2023-07-21,126.6500015258789,128.5,125.05000305175781,126.6500015258789,43761
2023-07-24,125.0,128.39999389648438,124.44999694824219,127.94999694824219,36066
2023-07-25,123.44999694824219,126.55000305175781,122.5,125.0,31537
2023-07-26,123.30000305175781,126.75,121.8499984741211,124.1500015258789,52432
2023-07-27,122.75,126.4000015258789,122.0999984741211,124.0999984741211,44805
2023-07-28,122.80000305175781,123.8499984741211,120.94999694824219,123.1500015258789,37682
2023-07-31,123.94999694824219,125.0,122.69999694824219,123.8499984741211,25837
2023-08-01,123.80000305175781,126.94999694824219,123.44999694824219,125.9000015258789,48793
2023-08-02,122.0999984741211,124.55000305175781,121.05000305175781,123.80000305175781,45765
2023-08-03,122.05000305175781,123.9000015258789,121.05000305175781,123.9000015258789,23811
2023-08-04,125.19999694824219,128.4499969482422,121.19999694824219,121.19999694824219,72129
2023-08-07,122.6500015258789,127.94999694824219,121.0999984741211,126.30000305175781,41160
2023-08-08,122.55000305175781,125.80000305175781,121.80000305175781,124.9000015258789,37763
2023-08-09,121.5,124.30000305175781,120.5,123.75,60664
2023-08-10,118.75,122.0999984741211,118.5,120.05000305175781,75566
2023-08-11,116.5999984741211,120.9000015258789,115.5,120.9000015258789,48740
2023-08-14,115.25,118.80000305175781,112.05000305175781,118.80000305175781,52832
2023-08-16,108.0999984741211,112.1500015258789,107.19999694824219,110.30000305175781,128176
2023-08-17,112.30000305175781,112.9000015258789,110.30000305175781,110.75,104655
2023-08-18,109.0,113.0,105.5999984741211,113.0,106744
2023-08-21,112.55000305175781,114.0,108.0,109.0,50757
2023-08-22,111.80000305175781,114.5999984741211,110.5,112.69999694824219,51770
2023-08-23,112.3499984741211,114.4000015258789,111.5999984741211,112.5999984741211,27711
2023-08-24,111.75,114.5,111.05000305175781,113.5,38510
2023-08-25,113.9000015258789,116.0,109.19999694824219,111.0,77295
2023-08-28,112.75,115.5,112.5999984741211,115.25,28560
2023-08-29,115.75,119.8499984741211,112.69999694824219,112.75,113693
2023-08-30,117.5999984741211,121.5999984741211,117.0,117.0,137009
2023-08-31,117.19999694824219,120.0,116.9000015258789,118.0999984741211,37385
2023-09-01,118.8499984741211,119.80000305175781,116.19999694824219,117.69999694824219,66329
2023-09-04,122.75,124.0,118.8499984741211,118.9000015258789,101426
2023-09-05,122.94999694824219,125.94999694824219,121.5,122.25,58516
2023-09-06,129.5,129.89999389648438,121.19999694824219,121.25,353965
2023-09-07,127.44999694824219,131.6999969482422,125.5,131.6999969482422,72983
2023-09-08,141.39999389648438,143.89999389648438,125.44999694824219,128.5,1072437
2023-09-11,147.35000610351562,153.0,144.0,147.0,1023415
2023-09-12,137.5,149.75,130.5500030517578,149.0,483848
2023-09-13,148.3000030517578,156.39999389648438,135.39999389648438,138.8000030517578,1677179
2023-09-14,150.3000030517578,152.89999389648438,143.1999969482422,149.64999389648438,458121
2023-09-15,146.6999969482422,155.39999389648438,146.0,150.35000610351562,184363
2023-09-18,140.9499969482422,148.25,140.5,147.85000610351562,173132
2023-09-20,138.9499969482422,142.5,138.0,141.75,116199
2023-09-21,136.5500030517578,143.75,136.0,137.0,126831
2023-09-22,135.60000610351562,139.4499969482422,134.39999389648438,137.75,51740
2023-09-25,136.89999389648438,139.1999969482422,135.0,136.6999969482422,41760
2023-09-26,134.75,138.4499969482422,134.1999969482422,137.0,75846
2023-09-27,138.6999969482422,141.6999969482422,134.3000030517578,134.8000030517578,107948
2023-09-28,145.60000610351562,152.3000030517578,137.64999389648438,137.64999389648438,537333
2023-09-29,145.5500030517578,149.0,145.0,146.0,98609
2023-10-03,141.5,146.3000030517578,141.0,145.39999389648438,63625
2023-10-04,138.0,144.0500030517578,136.1999969482422,141.9499969482422,140946
2023-10-05,139.75,141.8000030517578,137.10000610351562,138.35000610351562,69101
2023-10-06,147.3000030517578,148.85000610351562,140.14999389648438,141.5,195244
2023-10-09,135.9499969482422,145.9499969482422,133.35000610351562,145.9499969482422,173687
2023-10-10,147.1999969482422,149.9499969482422,137.3000030517578,137.3000030517578,236025
2023-10-11,147.25,152.0,144.5,148.35000610351562,175064
2023-10-12,143.0,148.25,142.3000030517578,148.1999969482422,45204
2023-10-13,144.75,148.0,142.25,143.5,95179
2023-10-16,146.6999969482422,152.39999389648438,143.0,143.3000030517578,145858
2023-10-17,143.25,149.85000610351562,140.85000610351562,149.0,104061
2023-10-18,148.3000030517578,151.89999389648438,140.5,142.85000610351562,397504
2023-10-19,151.25,154.89999389648438,148.3000030517578,149.25,264166
2023-10-20,145.1999969482422,153.3000030517578,143.64999389648438,152.25,201455
2023-10-23,131.25,146.0,130.1999969482422,146.0,235457
2023-10-25,130.25,136.1999969482422,126.75,134.6999969482422,188533
2023-10-26,131.25,132.5,125.94999694824219,129.25,99088
2023-10-27,135.39999389648438,137.39999389648438,131.5,133.4499969482422,103598
2023-10-30,135.75,138.14999389648438,134.89999389648438,136.85000610351562,45644
2023-10-31,133.75,139.39999389648438,132.25,136.3000030517578,44694
2023-11-01,132.1999969482422,135.4499969482422,131.0500030517578,134.35000610351562,62232
2023-11-02,132.75,134.60000610351562,132.4499969482422,132.89999389648438,29258
2023-11-03,132.1999969482422,135.3000030517578,131.5,134.5,39312
2023-11-06,133.9499969482422,135.64999389648438,132.1999969482422,132.1999969482422,31667
2023-11-07,136.35000610351562,137.8000030517578,132.8000030517578,132.8000030517578,51859
2023-11-08,134.39999389648438,138.8000030517578,133.35000610351562,138.8000030517578,29349
2023-11-09,128.75,135.75,126.80000305175781,135.39999389648438,101162
2023-11-10,129.4499969482422,133.25,127.1500015258789,133.25,38027
2023-11-13,125.94999694824219,128.1999969482422,125.0,127.0,49033
2023-11-15,127.80000305175781,130.0,127.1500015258789,127.1500015258789,42019
2023-11-16,127.3499984741211,129.14999389648438,127.0,128.60000610351562,31407
2023-11-17,126.55000305175781,129.89999389648438,126.19999694824219,129.89999389648438,30004
2023-11-20,126.75,128.5500030517578,125.30000305175781,126.6500015258789,38372
2023-11-21,136.0,139.0,126.75,126.75,290653
2023-11-22,135.3000030517578,139.64999389648438,133.5,136.6999969482422,113422
2023-11-23,137.5500030517578,143.89999389648438,135.3000030517578,136.14999389648438,296563
2023-11-24,140.8000030517578,142.39999389648438,136.0,137.60000610351562,122554
2023-11-28,136.39999389648438,143.35000610351562,136.0,140.8000030517578,56272
2023-11-29,134.14999389648438,138.4499969482422,133.5,136.9499969482422,52491
2023-11-30,135.0500030517578,136.0,132.4499969482422,134.85000610351562,50973
2023-12-01,134.10000610351562,138.1999969482422,132.60000610351562,135.3000030517578,54130
2023-12-04,136.10000610351562,137.0,134.35000610351562,135.60000610351562,54887
2023-12-05,135.39999389648438,136.89999389648438,134.0,136.5,35677
2023-12-06,134.1999969482422,136.4499969482422,133.35000610351562,136.4499969482422,34745
2023-12-07,133.25,136.0,132.0500030517578,133.1999969482422,35557
2023-12-08,131.85000610351562,134.85000610351562,130.10000610351562,134.3000030517578,42018
2023-12-11,131.3000030517578,134.1999969482422,130.25,132.85000610351562,41474
2023-12-12,131.0500030517578,133.0,130.3000030517578,132.60000610351562,21508
2023-12-13,134.60000610351562,136.64999389648438,130.25,132.9499969482422,67004
2023-12-14,134.75,135.89999389648438,133.10000610351562,134.60000610351562,30418
2023-12-15,131.75,135.75,131.5,134.0500030517578,28184
2023-12-18,131.10000610351562,134.0,130.85000610351562,131.8000030517578,37199
2023-12-19,131.5500030517578,132.5500030517578,130.10000610351562,131.10000610351562,28693
2023-12-20,124.05000305175781,132.9499969482422,122.1500015258789,132.9499969482422,65321
2023-12-21,127.44999694824219,128.60000610351562,120.0,120.5999984741211,41765
2023-12-22,130.0500030517578,130.89999389648438,127.25,129.1999969482422,34634
2023-12-26,127.75,130.25,126.6500015258789,130.0500030517578,70501
2023-12-27,127.4000015258789,130.0,126.94999694824219,129.9499969482422,53391
2023-12-28,127.0,129.1999969482422,126.0999984741211,127.6500015258789,28510
2023-12-29,126.80000305175781,130.0,126.30000305175781,127.55000305175781,62790
